dimension,birth,death
1,60.32602481482634,inf
1,74.11213897471173,inf
1,73.47074479529641,inf
1,70.98057911213823,inf
1,69.66369479752265,inf
1,69.4152192138919,inf
1,69.2257277123564,inf
1,67.52609448482421,inf
1,65.91580404035984,inf
1,99.94622788003541,inf
1,59.15333436037203,inf
1,58.11095929114836,inf
1,57.344822209542976,inf
1,56.66452617959865,inf
1,56.60049229921314,inf
1,54.325816417742374,inf
1,51.25786240299843,inf
1,76.62059591134894,inf
1,99.75687698843836,inf
1,98.52376170469086,inf
1,95.33849060150328,inf
1,94.90440223751696,inf
1,94.3390713711829,inf
1,94.21283365087429,inf
1,92.80490235356959,inf
1,90.31910652775285,inf
1,86.90747659295424,inf
1,85.99617770878433,inf
1,83.6085707214888,inf
1,79.99961262125024,inf
1,76.79832470026048,inf
1,75.0616516836032,inf
1,91.01176365281412,inf
1,40.68242609300727,74.86032901642459
1,59.25510869265688,91.96855341393224
1,61.69195516094111,93.71468479270452
1,40.129548346304915,71.8855596158031
1,52.16031451719701,82.75372610342187
1,48.86630467371228,79.38582160944668
1,56.492246222475984,86.84210980905472
1,40.863943417000606,70.55842074000928
1,63.63554518171933,93.10696081372627
1,59.03178143166457,88.36632705531048
1,52.477670434296634,81.22138568286708
1,66.96452551506285,95.34265216482912
1,40.45404504684255,68.31659511682096
1,72.14147022201973,99.71342690771112
1,53.34757999075955,80.85226301640063
1,69.91677417931025,96.58913692949187
1,48.769863144562756,74.92768573587166
1,65.14473647243184,90.89636049273196
1,30.5672372504039,56.15348243233063
1,47.04924037806835,71.06987857447221
1,41.059692179283125,64.87860153799691
1,46.28730198866467,70.00212177759441
1,64.5370423954235,88.17918813416237
1,49.079525824898546,72.547582386507
1,47.83228978630205,71.24744043324452
1,71.61484535376113,94.9689629149937
1,37.26661618147436,60.30849205037466
1,44.82137399005867,67.83801502368951
1,36.38291808682682,59.32135643552737
1,28.52181832841707,51.34105164555907
1,55.60109771853579,78.12065636786161
1,40.91541694119047,63.09677627510891
1,67.56191665999903,89.73131220809475
1,63.88139184333885,85.94045235493807
1,41.012591736298724,62.881057839121176
1,32.55552121828296,54.36379337678745
1,56.96224913277297,78.7424482923255
1,75.99322345790343,97.17062631587957
1,67.59986115757647,88.72036761419818
1,55.24179180135142,75.84259787215669
1,68.51106132214505,88.97712514710226
1,70.30859754376563,90.77430381911603
1,70.00975405872427,90.20616386615242
1,56.79784892967097,76.9195264540018
1,55.23010622439675,75.27351394548543
1,32.694637198117256,52.589376228659376
1,65.41655958552128,85.09182508211909
1,39.92682795523896,59.28500857322539
1,29.161351883210695,48.48176633641333
1,57.3657121391279,76.47320737570003
1,57.63853898585699,76.66863639140915
1,46.06955970200774,64.9526929375712
1,74.97337134356795,93.78962017222658
1,40.48973684267209,59.24123973098999
1,52.040113035733,70.72585819194848
1,59.79811768786548,78.37571404473474
1,72.25724435634596,90.8291058559514
1,29.674181410562547,47.679980872688866
1,54.26234931904625,71.98386151514578
1,36.15625699303968,53.85028481588426
1,73.14733757159613,90.79594796920995
1,51.83945407761793,69.4245841605767
1,31.042248597880835,48.50522311834714
1,48.70145848838583,66.08997118638769
1,46.72053792030157,63.81794314906616
1,36.9181532486588,53.995736531067635
1,60.39477393567659,77.44123623966094
1,53.37675403720597,70.35684086152506
1,39.27165055064276,56.129874564584725
1,57.14454520111173,73.82268515003815
1,48.17424235465729,64.81643983295312
1,57.31941669889352,73.91065871325151
1,49.00109312653003,65.51074134120603
1,41.226373327841884,57.30484380428412
1,37.27954806923205,53.223141760008126
1,26.18858735540904,41.93112515421574
1,57.02745491206454,72.71874794968977
1,43.48072110452388,59.139016808821594
1,26.59331029297108,41.89766840960598
1,55.03692245723297,70.32585518313181
1,30.495045635502446,45.72199543902029
1,30.055487278213786,45.196432132846915
1,38.067836737153996,53.1994614559177
1,67.0069268927866,82.09175140902498
1,35.048877631082846,49.99905606044181
1,47.94604838145398,62.70384989553383
1,26.81845287838775,41.45329878389233
1,49.491370583182274,63.81079627939828
1,54.23202211179057,68.51290646695759
1,34.05987398055489,48.12257434970326
1,34.87341253939929,48.935107975063026
1,30.58028193559686,44.589318974689675
1,73.80451952909175,87.74666787915932
1,40.03264799010277,53.933146667154425
1,33.17942213317495,47.0091882918472
1,77.16442987246295,90.94328673910195
1,44.564753762331506,58.3232521015953
1,34.117193527027766,47.87355642489908
1,24.23007048350929,37.97500419816733
1,60.944139492040186,74.58447916143376
1,67.77322351213104,81.35406226756137
1,59.14031165344845,72.70184197307208
1,64.0188329163093,77.57777334150084
1,33.157096671260675,46.70164977665778
1,32.50565923545755,45.89459419269211
1,32.973820309394725,46.130321740727986
1,48.10877349373003,61.265128416141856
1,34.92788840831714,47.97696884284427
1,37.25370706433263,50.28903444723985
1,34.89346335221782,47.82934563582906
1,58.239257021663214,71.01932598404073
1,34.79401338235932,47.45012718990475
1,43.77257921944765,56.24268001308794
1,33.5962476816097,46.037680666210655
1,31.343512927962934,43.73695180956742
1,47.61837295349492,59.92971691106605
1,35.336694432323405,47.55721657069209
1,29.89862323422104,42.0251373411646
1,26.005051706154,38.0060981007004
1,44.7909031491837,56.73880748000043
1,50.70160471571663,62.6412448483916
1,28.10870591221997,40.04216077497241
1,49.246342873355694,61.136013747480604
1,59.73051134492387,71.52626205898426
1,74.11330990504472,85.85922620835267
1,36.51736772076503,48.229298157773776
1,64.58591373799909,76.26225887230022
1,23.861455418070285,35.50666215609299
1,76.49123836943231,87.93893721379096
1,28.541030250997903,39.956165166725405
1,44.232392773367145,55.63362974447944
1,58.91787327721777,70.30280187566149
1,28.49644126866011,39.837056972267575
1,24.29080923795839,35.619747776161965
1,34.00868425897045,45.320892618757725
1,87.92155245107857,99.22570702169253
1,46.36183017457536,57.66041944282995
1,64.13288856941995,75.38543617139702
1,73.60043375308042,84.6874837637194
1,47.691226446089054,58.77219524099234
1,53.552133743107404,64.58731410775363
1,38.040795631079014,49.05467418662556
1,39.82387693706729,50.82634539840993
1,63.02053326649086,73.96978944686244
1,29.816826096427206,40.7645017070157
1,32.309331063895314,43.182647908041766
1,44.24804061132499,55.09649407585642
1,26.93458166616966,37.70989294524577
1,47.29791704576523,58.071261044925556
1,80.9055815050357,91.66449014801452
1,44.619834434191525,55.3571714186732
1,27.54924131540385,38.24134133655252
1,57.115470265660505,67.77732935235122
1,42.54763222703364,53.10194001779194
1,57.25131892661934,67.7395102473392
1,42.04450861859707,52.51219521920413
1,31.188793071634098,41.615147956252855
1,46.23176842065111,56.64514923435374
1,26.97763997124438,37.368920145128726
1,24.478210043020916,34.85197695594613
1,40.29636612609951,50.595649605556375
1,34.59771830280193,44.817272895339386
1,26.30242092144189,36.50661296429884
1,44.55647296345207,54.701861578477576
1,58.69612100646059,68.76257727006677
1,37.94683327339228,47.98913676604806
1,33.61376692007901,43.537301366453185
1,40.188014386338295,50.10680328202385
1,76.56491168547068,86.40409431394862
1,26.793025671216,36.43019485777941
1,47.04028185539179,56.674606265258774
1,45.71771554426763,55.30834969963134
1,34.63706441971209,44.21542832975672
1,33.71568433473053,43.251523681008926
1,29.170037289627754,38.615088061427265
1,51.00580168022111,60.42117417705658
1,29.07142008526849,38.44738260572922
1,37.09093680731859,46.41247761365302
1,48.067270657736415,57.34012155202589
1,40.87786040814811,50.10881700172148
1,70.29629843761323,79.50123504773302
1,39.274183568747915,48.465543119841506
1,73.5473036470806,82.71932088691267
1,55.370928032052745,64.52912140389462
1,43.88851199792349,53.04210946879332
1,62.20017906910582,71.3498775079594
1,39.235131286061886,48.368088546955974
1,89.99552798649103,99.06309570955408
1,26.849882197492253,35.896457493872965
1,34.16476584027851,43.19913840695018
1,30.554816341300434,39.56527495266757
1,32.210447585020205,41.217484215626946
1,36.165714177820234,45.15755123991125
1,28.11916054245385,37.097003145193135
1,27.554645916090493,36.50962787856641
1,30.53208297294205,39.416242639668354
1,45.68190655230641,54.554560033834946
1,38.99468780864842,47.76638143756946
1,32.7934229834495,41.5332767943046
1,34.345067499755146,43.080938536386284
1,81.72840510146332,90.41858757014246
1,53.45848975493342,62.1234178738724
1,33.45820033253144,42.08059159600604
1,33.92722694232,42.449514806282636
1,35.213396346593065,43.72920675419019
1,26.53753537527746,34.982992083477875
1,84.88464297432134,93.28799511609644
1,51.162747832302365,59.491540883491965
1,52.729769062633196,61.047671013946776
1,58.82184920189119,67.1266742430456
1,24.48626542812671,32.733520353659756
1,28.788306483931017,37.01303490384154
1,28.222214060302903,36.31993998086485
1,50.42778670447964,58.517955295900144
1,38.196691548999794,46.25816028585069
1,45.4358001069726,53.481855064598285
1,32.015914270445954,40.051432734560436
1,52.74934041964914,60.72892271680696
1,76.42828284041926,84.36032521145177
1,34.03651246713473,41.965738137984474
1,29.092509719392478,37.00114829802204
1,50.926068510937974,58.795687874102335
1,56.438137304968826,64.29502381525046
1,36.02934666802874,43.875084386986416
1,45.933248240181285,53.645805676480066
1,43.754042531673825,51.44956452124686
1,73.19657733458152,80.85384149067562
1,31.733203324949603,39.3760047472281
1,51.86856759422546,59.46593396168629
1,34.03041509550202,41.55630998944719
1,32.87851178868014,40.39376461446131
1,40.09670251986318,47.60985513188875
1,23.382464066113517,30.861206809378025
1,27.13096241219101,34.50698648316482
1,35.910225138910825,43.26974570900553
1,26.161879674245856,33.50739209486442
1,49.338988671624556,56.67146899729292
1,49.66241036964529,56.94998000872361
1,30.843628567844473,38.12272238420067
1,39.13516650788992,46.40669474789448
1,47.264922566632755,54.47249666886609
1,44.670570783129186,51.86659094637343
1,44.44232497537503,51.62661305662448
1,41.132712666248615,48.28083219384621
1,27.26726772897504,34.376286202266755
1,55.35915550303656,62.458642730169636
1,29.79203287546946,36.87390759257517
1,33.21221574553819,40.19100770599691
1,27.777123918086097,34.72038501152096
1,23.883275456846867,30.820041042391825
1,79.54580432311214,86.4491529608041
1,27.802764032689034,34.66279072863165
1,31.26336563470856,38.11716075414934
1,32.001579171348574,38.82322469552345
1,51.887989333526875,58.69446714638163
1,59.92326882933691,66.68377156964087
1,39.66419201704491,46.36705515021841
1,66.06733686365178,72.73718863362683
1,45.78659016294777,52.386729319326726
1,25.686136859973793,32.27017723542953
1,34.9761583370945,41.546782242834276
1,23.330763921478372,29.897485798263066
1,84.26483106429409,90.80939986096041
1,39.74798474507568,46.262527483354944
1,27.78803107632921,34.294958574975055
1,39.14449982018293,45.60805861261511
1,28.029659247932372,34.47869461980803
1,34.62334704068902,41.06619084602072
1,26.698974520326985,33.064660034527
1,58.24165853907591,64.5775862443424
1,29.2088685053754,35.52342023478685
1,35.43455682169412,41.67815797402306
1,31.854653246584807,38.08278664419164
1,33.935870654843484,40.158613494392576
1,93.75789835933679,99.97845324322537
1,30.64189628222606,36.83626001756634
1,53.4489752757052,59.62176073584
1,45.96221738187961,52.09339267027378
1,34.5482484103716,40.666632336934484
1,33.70048718159326,39.62982379163434
1,60.992389934658945,66.86751588717196
1,37.20842694052461,43.030862688415276
1,63.2789826876985,69.0897067069293
1,33.10175383011715,38.8422207754274
1,35.51024539648282,41.23274814255713
1,57.57971793995259,63.21068624499476
1,32.64967356625018,38.25265376316345
1,39.0472863447617,44.628722652765056
1,42.78374048767343,48.30512067261946
1,29.986691893482316,35.50469953032777
1,37.442759715162666,42.94879179076241
1,30.08309506777189,35.56369718080339
1,46.48235076092796,51.91487721941182
1,31.926051592709104,37.24982150323564
1,31.602532193098906,36.920506873009124
1,35.456150309463695,40.739369756579954
1,31.879508210803785,37.150139690082234
1,70.63711813420544,75.90736807256266
1,36.10750767189652,41.35874573209097
1,43.906468764075164,49.10820131355831
1,31.412357060170837,36.58381344350413
1,26.292204053875327,31.442149434212013
1,31.642670103680274,36.77131629567468
1,25.789603425174615,30.890378631062518
1,30.81018631135468,35.8863655654109
1,59.024408638550874,64.09921920080544
1,37.58863064475193,42.63610005710677
1,29.69036020374322,34.73274516810689
1,31.28923569284547,36.278559449733855
1,34.68448341050194,39.59991131104565
1,91.62247826022616,96.51550763118205
1,27.59974761493507,32.4580021514458
1,28.09465983061393,32.93529541067397
1,80.58232018877727,85.416939479183
1,32.83848510588233,37.621661948639854
1,44.1230935636787,48.897695295408006
1,34.47360064970824,39.19591090983788
1,35.33235645357464,39.92859009932332
1,33.16499195750682,37.73608749611357
1,28.973548978756945,33.54070210600536
1,67.00186761558885,71.52046374577813
1,20.36178035882595,24.86739775594288
1,82.46957488586978,86.95393735816539
1,56.2660801028267,60.73481122994014
1,37.82994753864693,42.27615962757053
1,35.650011163317274,40.07765211445054
1,27.193832132756587,31.595150899248374
1,27.50871028252809,31.895404451562822
1,39.15176148766564,43.532178349526056
1,88.25743166721352,92.60482216846069
1,44.4207863733233,48.75640729794637
1,23.681958316004284,27.999080290908896
1,25.800099437455525,30.083339190883514
1,58.55731255273737,62.80486414438093
1,48.590088355340356,52.80790645993074
1,27.96555308118636,32.178680077143206
1,79.08481330791834,83.29319759863428
1,25.945915207376956,30.13861118368376
1,37.547377598780145,41.734193805437215
1,34.36211355425635,38.50983155330253
1,24.980168365017853,29.11250473050727
1,28.321689353973444,32.44916292439295
1,27.37995225299571,31.497873780879324
1,24.70235426040485,28.81970235204191
1,26.025154077697238,30.126478098136378
1,30.410973961834376,34.47214062883852
1,29.481447864299877,33.51793795931729
1,54.38881648465242,58.424052278153795
1,49.47889069935556,53.49559592045976
1,36.728858418176664,40.710715009936955
1,30.390508484900067,34.348450374664914
1,87.22771424382928,91.17763505314183
1,39.477584286351444,43.42377823465699
1,49.76676810891223,53.695737768501544
1,38.9073248506722,42.813967367636046
1,43.0564794645242,46.9563008895973
1,33.735177583741304,37.62902545261794
1,25.695900774336614,29.580283451149047
1,57.98014797394015,61.8434564063204
1,47.81916642153474,51.62013901084665
1,70.48320201607434,74.2643014399173
1,28.81186720709351,32.554703089771785
1,84.82613363257431,88.55035346162039
1,43.90954626385482,47.56353923682408
1,61.584388025699695,65.23763591220978
1,29.876102182638814,33.525205532719674
1,32.34918193498433,35.97014061123951
1,62.04403570859658,65.58934105594416
1,27.84762930411678,31.383338378646886
1,39.23547796811208,42.75551885329154
1,65.12351836674279,68.63433434397024
1,38.84887588162384,42.346312831252156
1,52.15789299050485,55.64736082666022
1,27.267529730898016,30.756731424975396
1,27.776608263001528,31.216259497885037
1,70.06109261192779,73.43460742907732
1,73.0063936920168,76.37268438218861
1,79.80311119763677,83.14656673405347
1,27.511656301406592,30.814710494104073
1,35.346444952653634,38.60695503403584
1,40.83396767278211,44.07011051128239
1,58.83945055298526,62.041455552031884
1,29.04577220172636,32.22288571603159
1,32.82423394509513,35.95463868679947
1,38.56021522074251,41.678609759386674
1,27.395422143333814,30.47772329318091
1,27.66189816072609,30.72395615899516
1,45.09743046762351,48.12279782617923
1,27.73587633826923,30.757627724105316
1,31.096704722200307,34.0812418202551
1,39.9019922027332,42.850525002977434
1,30.691822617451443,33.63612589867644
1,75.94579352933621,78.84589654090172
1,28.635749345379583,31.436229859218425
1,46.18553217960726,48.9840862018932
1,21.910179239799174,24.707052926375013
1,33.839487345588886,36.59718809642793
1,63.5705182060929,66.32709575646558
1,31.164256711510422,33.91471126565443
1,28.946717185535437,31.6877553605617
1,25.00860571769172,27.719920089640848
1,30.563695843977225,33.238776533042426
1,29.682072917857415,32.286800177366146
1,37.211360584951485,39.80748029356215
1,29.81211533554377,32.25038496919691
1,37.32198121079262,39.7194190296482
1,60.88336581359118,63.26260851824326
1,22.297161870673992,24.674163186131327
1,59.091180893225335,61.44377768010942
1,43.514366267532594,45.86198966065255
1,25.573874724677566,27.91471709421718
1,33.70211196792336,36.03656687435115
1,48.140445788965444,50.45611195649678
1,25.813430380868304,28.128288565900988
1,32.55962158838396,34.80737172953399
1,34.59950579592639,36.84363937706397
1,42.42412308206262,44.66269423595253
1,39.27887613305835,41.513456996955405
1,35.12058292910429,37.35291398017666
1,70.75322790177162,72.96280947881968
1,31.336498016389864,33.543401510569446
1,28.13238614290282,30.338563335543856
1,41.08192021381288,43.282667560542876
1,38.74213442352249,40.93982036158298
1,30.795468168573155,32.97656845054263
1,20.759321455179304,22.911224132411256
1,37.18725974131448,39.32439857003373
1,69.11780213524463,71.25159226214328
1,41.11654990072278,43.247706647672025
1,78.84038696102863,80.94725343416027
1,70.94993411592375,73.04507472500862
1,45.03780342228758,47.033626287953616
1,67.69989358326667,69.69328783673504
1,30.968285001511788,32.948010443198164
1,29.62862781747303,31.598368281421628
1,28.542820760361632,30.47703434809148
1,26.98221078549113,28.885248427522356
1,33.80991597389131,35.676488530263825
1,29.167852872039337,30.974704746875894
1,26.26802464715245,28.060174960039458
1,28.179271880200005,29.960107393892894
1,35.516272040418755,37.280009622199074
1,43.75688023937742,45.45747788384249
1,26.89249863374622,28.542882778466193
1,36.77594167802804,38.42279962354259
1,37.85679902871474,39.4908420860691
1,70.55449113238487,72.18735416518365
1,62.54550789365469,64.17647224261319
1,74.63811936906176,76.25379148962679
1,29.953454310767892,31.56747436704926
1,41.59520607577401,43.19370060685712
1,56.90263624491052,58.37428433870206
1,69.22706823019654,70.688237128356
1,43.1360484972472,44.52907285581125
1,41.924680987941855,43.295240612837965
1,29.30367262054647,30.665302081527294
1,63.454984993873644,64.76842440554314
1,38.469706831931276,39.71888612146005
1,36.639391269960115,37.880617869762865
1,42.609280296490816,43.82905894309145
1,23.62960488918865,24.844736358927346
1,41.830477339241234,43.0346453361133
1,36.129712687613036,37.31466307673909
1,69.90367601511532,71.06490913714065
1,30.43938235156547,31.589083997514784
1,54.580881944884794,55.71368755962298
1,27.496924368643086,28.592398901745778
1,48.88687792310063,49.86599667418595
1,33.75158320955396,34.717910669989415
1,53.71446464258503,54.65709539707039
1,29.907049745552513,30.831204766420196
1,51.80349855018436,52.710873591232875
1,28.151049302665058,29.04656810869981
1,28.195132743283594,29.088808839193568
1,52.011758714550254,52.903887989590196
1,59.962056340300336,60.82629713037068
1,34.8155807065089,35.6611411849289
1,28.19745843185684,29.04106056922668
1,49.20914805395892,49.99000667554204
1,72.8516282588221,73.62739430428492
1,48.52288730579646,49.27154650905493
1,33.09620553994675,33.832183095115084
1,30.260625063334537,30.99021445605322
1,53.57901762554295,54.3079998881295
1,37.12895002882225,37.85559207225908
1,27.364290482183478,28.090760455799828
1,69.70492607338244,70.42140081711551
1,37.267042254981476,37.98067334000767
1,46.84681753351007,47.541798482506735
1,42.770631827897276,43.45457030291047
1,35.61650024101133,36.29617163132623
1,44.17122770331423,44.83093237520905
1,59.072768087494595,59.70351845181726
1,37.15067656674422,37.77101360751071
1,34.24165826669131,34.80485009592184
1,27.763045105117886,28.323824922421107
1,34.91092035847818,35.454050365044935
1,70.20289629077952,70.74195822667016
1,32.227581023474876,32.75769272131612
1,34.79664459649095,35.321617998225044
1,49.818197080025556,50.25771759589101
1,51.43998255237064,51.869740398810336
1,34.57143713501898,34.99643416633562
1,20.33474933271903,20.715423310075238
1,30.72889751471564,31.074615234359722
1,29.676620521119222,29.96242760296889
1,38.4556495468336,38.714022547336036
1,34.575424090553604,34.823515887733784
1,47.48090018640575,47.7266211258379
1,54.08303453135422,54.325302933925144
1,32.3765747223622,32.60005436542132
1,42.92583637373187,43.12556299430822
1,29.27896181892473,29.478393040264802
1,29.5299380564872,29.720217644794584
1,43.09186394849364,43.257718311531015
1,61.90622434415347,62.06039345570942
1,53.77425339744564,53.919873370388075
1,26.09139289902599,26.206723991121823
1,35.222700810529865,35.33412336157486
1,29.723844845372522,29.83196483491613
1,64.69054737716041,64.743579585817
1,37.90460140086133,37.92385128399015
1,40.6453860221514,40.663105767603874
1,42.697171536633796,42.703320519870914
1,34.62908741858056,34.63327256055488
0,0.0,inf
0,0.0,inf
0,0.0,inf
0,0.0,inf
0,0.0,inf
0,0.0,inf
0,0.0,inf
0,0.0,inf
0,0.0,inf
0,0.0,inf
0,0.0,inf
0,0.0,inf
0,0.0,inf
0,0.0,inf
0,0.0,inf
0,0.0,inf
0,0.0,inf
0,0.0,inf
0,0.0,inf
0,0.0,inf
0,0.0,inf
0,0.0,inf
0,0.0,inf
0,0.0,inf
0,0.0,inf
0,0.0,inf
0,0.0,inf
0,0.0,inf
0,0.0,inf
0,0.0,inf
0,0.0,inf
0,0.0,inf
0,0.0,inf
0,0.0,inf
0,0.0,inf
0,0.0,inf
0,0.0,inf
0,0.0,inf
0,0.0,inf
0,0.0,inf
0,0.0,inf
0,0.0,inf
0,0.0,99.46505988439785
0,0.0,99.2664473807655
0,0.0,98.69715729661564
0,0.0,97.32264135377048
0,0.0,96.71587277971524
0,0.0,96.49917376996699
0,0.0,96.4942352329516
0,0.0,95.96654929881623
0,0.0,95.6953503906312
0,0.0,95.33415567516731
0,0.0,95.2491991154631
0,0.0,94.27836061847539
0,0.0,93.8955723837864
0,0.0,92.91417390413989
0,0.0,92.63965096385817
0,0.0,92.37480424726684
0,0.0,91.40312284562596
0,0.0,90.58940774210505
0,0.0,90.57156774329806
0,0.0,90.54426047616646
0,0.0,90.48347516986345
0,0.0,90.373868956473
0,0.0,90.25310965883368
0,0.0,89.78823721059649
0,0.0,88.42969328836621
0,0.0,88.11472458910067
0,0.0,88.09112785742431
0,0.0,88.08235158159572
0,0.0,87.81865988416246
0,0.0,87.80962462082496
0,0.0,86.84144070929733
0,0.0,86.71275137699092
0,0.0,85.25153662793676
0,0.0,84.13888497355578
0,0.0,83.47049654219063
0,0.0,83.3652918639925
0,0.0,82.68811410997897
0,0.0,82.47929542207665
0,0.0,82.27767855687118
0,0.0,82.14573372907141
0,0.0,81.831387171796
0,0.0,81.3807724640058
0,0.0,81.24734183901946
0,0.0,80.18144126045607
0,0.0,79.94696786026114
0,0.0,79.80666678423238
0,0.0,79.10490825825372
0,0.0,79.08547621769223
0,0.0,78.30158906943882
0,0.0,77.27807520372374
0,0.0,77.07826538468305
0,0.0,76.61631165331383
0,0.0,76.03391872316458
0,0.0,75.81225714593586
0,0.0,75.55248974807658
0,0.0,75.37721141903786
0,0.0,74.83614293572981
0,0.0,74.82821361026194
0,0.0,73.76442495827797
0,0.0,73.6353897424034
0,0.0,73.50317277632789
0,0.0,73.18986133422605
0,0.0,72.61553918484466
0,0.0,72.60475946099714
0,0.0,72.53438768329812
0,0.0,72.52012204312756
0,0.0,72.47202967053302
0,0.0,72.37793350552474
0,0.0,71.83130293171801
0,0.0,71.20958917453484
0,0.0,71.1266251277265
0,0.0,71.1031265490837
0,0.0,70.8147004159908
0,0.0,70.475807512357
0,0.0,70.1841474609236
0,0.0,69.54246760703467
0,0.0,69.16302026369817
0,0.0,68.88275922995871
0,0.0,68.68535510336007
0,0.0,68.64453475648425
0,0.0,68.27441622573747
0,0.0,67.43406727606161
0,0.0,67.30206658508966
0,0.0,67.27831694712184
0,0.0,67.20709760597816
0,0.0,66.89645410187066
0,0.0,66.76688215783194
0,0.0,66.05869657953052
0,0.0,65.92556170821037
0,0.0,65.8459123392039
0,0.0,65.35812887753299
0,0.0,65.01272331079953
0,0.0,64.97054762290853
0,0.0,64.63875024532037
0,0.0,64.57121560874216
0,0.0,64.52578787255733
0,0.0,64.48447279200983
0,0.0,64.43820956707057
0,0.0,64.14935526493251
0,0.0,63.75137617983374
0,0.0,63.7008190461364
0,0.0,63.26150324990554
0,0.0,63.184576123750254
0,0.0,63.07366669700547
0,0.0,63.01490023121306
0,0.0,62.979580353668034
0,0.0,62.21308045526677
0,0.0,62.19669222365895
0,0.0,62.07264718678615
0,0.0,61.95746538964221
0,0.0,61.83405566589653
0,0.0,61.61650800592151
0,0.0,61.49251429117023
0,0.0,61.39146176391757
0,0.0,61.364795578458924
0,0.0,61.28452665837919
0,0.0,60.83548349109885
0,0.0,60.69926964467223
0,0.0,60.64546269307684
0,0.0,60.525736920313335
0,0.0,60.40192267785368
0,0.0,60.355111910966336
0,0.0,60.25411269301463
0,0.0,60.188086728728365
0,0.0,60.160206103806566
0,0.0,60.055936688050686
0,0.0,60.012649380550535
0,0.0,59.81452697021837
0,0.0,59.73873466875752
0,0.0,59.375591514667654
0,0.0,59.15867328303232
0,0.0,59.0791526909139
0,0.0,58.921947260481886
0,0.0,58.752590605692625
0,0.0,58.69361403822409
0,0.0,58.38793623198255
0,0.0,58.210648490121294
0,0.0,58.172382888724286
0,0.0,58.13750467728459
0,0.0,57.96904229473994
0,0.0,57.89498752677862
0,0.0,57.89334282615938
0,0.0,57.84957629390342
0,0.0,57.69310892988224
0,0.0,57.68253349008064
0,0.0,57.61173350244776
0,0.0,57.552328364888254
0,0.0,57.51701435860907
0,0.0,57.25072491911878
0,0.0,57.24377692351551
0,0.0,57.20980291739469
0,0.0,57.0984443111442
0,0.0,57.02339890886472
0,0.0,56.9161537029371
0,0.0,56.666210030011705
0,0.0,56.435685412020476
0,0.0,56.38101917103939
0,0.0,56.33121560279646
0,0.0,56.062334483468284
0,0.0,55.95923558922732
0,0.0,55.84858569674933
0,0.0,55.821030534995195
0,0.0,55.741163081324
0,0.0,55.69427022765211
0,0.0,55.58520180339435
0,0.0,55.56922751734778
0,0.0,55.42098549909404
0,0.0,55.370007048059904
0,0.0,55.333717865217345
0,0.0,55.13939854230798
0,0.0,55.04380054111057
0,0.0,54.99686690649714
0,0.0,54.90888344911848
0,0.0,54.88298257290891
0,0.0,54.60537955921599
0,0.0,54.54813034785496
0,0.0,54.399191929972396
0,0.0,54.231540255773346
0,0.0,54.21712261029841
0,0.0,54.17832938762195
0,0.0,54.017795104451935
0,0.0,53.93609331973825
0,0.0,53.86796707119278
0,0.0,53.72652032123661
0,0.0,53.634275477995175
0,0.0,53.57876508543266
0,0.0,53.54963505719902
0,0.0,53.444165954533595
0,0.0,53.4109059366665
0,0.0,53.37516196407507
0,0.0,53.35569267961706
0,0.0,53.308886472641554
0,0.0,53.23552764842659
0,0.0,53.11750692587084
0,0.0,52.96859180709602
0,0.0,52.79460501814348
0,0.0,52.54527544453116
0,0.0,52.495432019948225
0,0.0,52.40667897146412
0,0.0,52.39351477524039
0,0.0,52.35991662076794
0,0.0,52.31998243585294
0,0.0,52.277677694303655
0,0.0,52.26587716387482
0,0.0,52.21267116834195
0,0.0,51.85093786066663
0,0.0,51.6717545345992
0,0.0,51.66422183799834
0,0.0,51.571372901954724
0,0.0,51.451283483616876
0,0.0,51.21053073119349
0,0.0,51.190889506949645
0,0.0,51.144181050991996
0,0.0,51.120824433539696
0,0.0,50.9089384080548
0,0.0,50.89449385243757
0,0.0,50.69193792283897
0,0.0,50.664862484236735
0,0.0,50.49311264470645
0,0.0,50.414451967423425
0,0.0,50.41263715332491
0,0.0,50.39111827420232
0,0.0,50.31305431746102
0,0.0,50.3048107572662
0,0.0,50.27622460881374
0,0.0,50.2419763152938
0,0.0,50.19507533225136
0,0.0,50.1685876998151
0,0.0,50.163653185576614
0,0.0,50.12902344846374
0,0.0,50.09451196501468
0,0.0,50.059337210170796
0,0.0,49.57399134213812
0,0.0,49.33074312672868
0,0.0,49.311367831575055
0,0.0,49.225322349753604
0,0.0,49.22088325523819
0,0.0,49.09844794838101
0,0.0,49.02227137684458
0,0.0,48.9310401381947
0,0.0,48.92892652750143
0,0.0,48.806514122976964
0,0.0,48.79319687511511
0,0.0,48.786269120029715
0,0.0,48.783612486584396
0,0.0,48.62351967149045
0,0.0,48.60339680553156
0,0.0,48.57845086543849
0,0.0,48.518013889729325
0,0.0,48.505555554849614
0,0.0,48.47253320489071
0,0.0,48.382044905284175
0,0.0,48.37143960805352
0,0.0,48.36873735417369
0,0.0,48.31046159704443
0,0.0,48.25712824262606
0,0.0,48.24865314951234
0,0.0,48.23508544299931
0,0.0,48.021632800677864
0,0.0,47.71370987224525
0,0.0,47.581615865325006
0,0.0,47.46702482452749
0,0.0,47.416324893990726
0,0.0,47.391279112537696
0,0.0,47.37681911659535
0,0.0,47.27204264546167
0,0.0,47.20643384642771
0,0.0,47.185234989654845
0,0.0,47.16387162340644
0,0.0,47.0965348929558
0,0.0,47.027756536758815
0,0.0,46.80787023543846
0,0.0,46.645164404207605
0,0.0,46.639805138635616
0,0.0,46.56532524567352
0,0.0,46.512818221484565
0,0.0,46.413742448030824
0,0.0,46.32548367775698
0,0.0,46.31837902860118
0,0.0,46.29251853801705
0,0.0,46.290711465648315
0,0.0,46.176324326716156
0,0.0,45.980971462592514
0,0.0,45.95701829609479
0,0.0,45.933989340154035
0,0.0,45.93288544482149
0,0.0,45.903151324046554
0,0.0,45.89108626738556
0,0.0,45.817487357852315
0,0.0,45.77570505343906
0,0.0,45.71795925743141
0,0.0,45.53684523880017
0,0.0,45.409443087584656
0,0.0,45.389045406777925
0,0.0,45.3334448049401
0,0.0,45.31216557402016
0,0.0,45.19460641503
0,0.0,45.176979558656654
0,0.0,45.001544679236446
0,0.0,44.996036684231846
0,0.0,44.988833635180406
0,0.0,44.97163021162969
0,0.0,44.65303453025651
0,0.0,44.59875705381717
0,0.0,44.56045564514525
0,0.0,44.552269705431435
0,0.0,44.52513137254651
0,0.0,44.42934507700438
0,0.0,44.3716379421514
0,0.0,44.35660704244956
0,0.0,44.328577778525606
0,0.0,44.29084273055771
0,0.0,44.261618255906505
0,0.0,44.18326901604836
0,0.0,44.095281127852715
0,0.0,44.036325838366885
0,0.0,44.00537366733064
0,0.0,43.982760105545836
0,0.0,43.94166870713686
0,0.0,43.93946871946399
0,0.0,43.89490199017685
0,0.0,43.885023738558765
0,0.0,43.8801925483659
0,0.0,43.868585656262454
0,0.0,43.85781862874975
0,0.0,43.693242924994955
0,0.0,43.62830560397156
0,0.0,43.572335231189385
0,0.0,43.554005731394085
0,0.0,43.54221222619994
0,0.0,43.471716958003235
0,0.0,43.463252967107216
0,0.0,43.36322423477203
0,0.0,43.31205868808172
0,0.0,43.28721473644903
0,0.0,43.27065035314939
0,0.0,43.19858201259952
0,0.0,43.19814664937905
0,0.0,43.138968196836956
0,0.0,43.12154424714021
0,0.0,43.09492652466193
0,0.0,42.921351693155316
0,0.0,42.8750736199721
0,0.0,42.825192281168746
0,0.0,42.78568656607158
0,0.0,42.69949660505744
0,0.0,42.68887719484601
0,0.0,42.62831577694034
0,0.0,42.55473487988603
0,0.0,42.44549285011501
0,0.0,42.271221857361326
0,0.0,42.222511359894774
0,0.0,42.11344360471005
0,0.0,42.10725711803322
0,0.0,42.027646113774246
0,0.0,41.98688057763133
0,0.0,41.98617156518126
0,0.0,41.97327905238114
0,0.0,41.95953328328186
0,0.0,41.91240618490664
0,0.0,41.90898248298514
0,0.0,41.83212901046012
0,0.0,41.783337120165335
0,0.0,41.73273498760718
0,0.0,41.71177756721728
0,0.0,41.704681803904386
0,0.0,41.62957594715644
0,0.0,41.57239863085448
0,0.0,41.492107351918605
0,0.0,41.48632745248587
0,0.0,41.477546524925735
0,0.0,41.45519750620179
0,0.0,41.39595762544746
0,0.0,41.34967969610125
0,0.0,41.339066545233784
0,0.0,41.2528569372533
0,0.0,41.182185140906384
0,0.0,41.148727815324406
0,0.0,41.12926691368875
0,0.0,41.045208232860944
0,0.0,41.015092210956624
0,0.0,40.94394890679116
0,0.0,40.899215285516455
0,0.0,40.83359094554033
0,0.0,40.821781728026394
0,0.0,40.755927123953526
0,0.0,40.71206523398138
0,0.0,40.6907547274609
0,0.0,40.63806428243025
0,0.0,40.63124946785477
0,0.0,40.59438312630578
0,0.0,40.579271238241624
0,0.0,40.56470214525522
0,0.0,40.55713844069659
0,0.0,40.54030949469757
0,0.0,40.473177012559006
0,0.0,40.4493907725317
0,0.0,40.44040268671369
0,0.0,40.43491272368881
0,0.0,40.40386532862784
0,0.0,40.28665567011923
0,0.0,40.26935073661335
0,0.0,40.19753566406298
0,0.0,40.14971007095075
0,0.0,40.062008736820374
0,0.0,39.95512403971923
0,0.0,39.73446166560838
0,0.0,39.68955345065643
0,0.0,39.60624051951296
0,0.0,39.550438190565636
0,0.0,39.527937328873215
0,0.0,39.43359624398289
0,0.0,39.41162780338026
0,0.0,39.377002242529464
0,0.0,39.319222569488225
0,0.0,39.316178488677394
0,0.0,39.29752215782342
0,0.0,39.17787867532815
0,0.0,39.135181184638576
0,0.0,39.12826286141308
0,0.0,39.00872136516641
0,0.0,38.998153839126324
0,0.0,38.98759823928744
0,0.0,38.94655545426474
0,0.0,38.916548913432045
0,0.0,38.85604549667856
0,0.0,38.82215371814216
0,0.0,38.80454032216926
0,0.0,38.765592322300925
0,0.0,38.6490268096707
0,0.0,38.614404863016624
0,0.0,38.50306714436706
0,0.0,38.46921769125058
0,0.0,38.31102728368491
0,0.0,38.191196994579464
0,0.0,38.15682555907396
0,0.0,38.125205006218586
0,0.0,38.106337308650566
0,0.0,38.10040446376439
0,0.0,38.073035775194676
0,0.0,37.98890349435945
0,0.0,37.970533215513036
0,0.0,37.97004711418401
0,0.0,37.948626176083394
0,0.0,37.947247469340155
0,0.0,37.882542395569935
0,0.0,37.870197918033924
0,0.0,37.849800482118084
0,0.0,37.76624810536488
0,0.0,37.75706581935703
0,0.0,37.73116960416529
0,0.0,37.71330739520331
0,0.0,37.672874995327426
0,0.0,37.628446032572484
0,0.0,37.627871487136176
0,0.0,37.60661665540337
0,0.0,37.58909135211267
0,0.0,37.573047825550304
0,0.0,37.46361087207737
0,0.0,37.43818119761499
0,0.0,37.3577559831118
0,0.0,37.33873282808151
0,0.0,37.33282267623466
0,0.0,37.31096828382794
0,0.0,37.305778588072776
0,0.0,37.229610762825956
0,0.0,37.22583042181848
0,0.0,37.22148651828267
0,0.0,37.21697874557995
0,0.0,37.20361924555658
0,0.0,37.17040034201485
0,0.0,37.15096374613047
0,0.0,37.14319372482215
0,0.0,37.12847694250194
0,0.0,37.12259275974961
0,0.0,37.11326959537671
0,0.0,37.074685542142916
0,0.0,37.05849241037032
0,0.0,37.01758465671998
0,0.0,37.01372817029318
0,0.0,37.00508095332469
0,0.0,36.98623872359055
0,0.0,36.96846675425819
0,0.0,36.936727900783794
0,0.0,36.91752727051669
0,0.0,36.855461518505834
0,0.0,36.851515957428866
0,0.0,36.8245646857706
0,0.0,36.814489718383
0,0.0,36.743365613943446
0,0.0,36.640736972022786
0,0.0,36.62831714845882
0,0.0,36.59338799729132
0,0.0,36.59306290965356
0,0.0,36.57278297403314
0,0.0,36.47718150768385
0,0.0,36.44686892324308
0,0.0,36.41229809906634
0,0.0,36.40019339817943
0,0.0,36.34902546237221
0,0.0,36.34871553911364
0,0.0,36.34346271652091
0,0.0,36.3277545962375
0,0.0,36.326848751739625
0,0.0,36.322804642148064
0,0.0,36.321180240011145
0,0.0,36.28215995341212
0,0.0,36.22999816375767
0,0.0,36.21509896037639
0,0.0,36.20926207114791
0,0.0,36.20656900481316
0,0.0,36.18812448066064
0,0.0,36.16957032974693
0,0.0,36.11955255211559
0,0.0,36.050862427804724
0,0.0,36.03606685412765
0,0.0,36.013083770896706
0,0.0,35.9969217969356
0,0.0,35.97315002953341
0,0.0,35.95876206464045
0,0.0,35.9468337537299
0,0.0,35.94578060076051
0,0.0,35.88661661424405
0,0.0,35.877336527822976
0,0.0,35.864357506313695
0,0.0,35.78402584974542
0,0.0,35.65759878984928
0,0.0,35.58268187053121
0,0.0,35.41101409805888
0,0.0,35.35380863787491
0,0.0,35.2964513157764
0,0.0,35.277796068606435
0,0.0,35.26088671540374
0,0.0,35.203171713090434
0,0.0,35.20119913535001
0,0.0,35.17562623084859
0,0.0,35.162903216315584
0,0.0,35.150107149191506
0,0.0,35.10199396589413
0,0.0,35.09727712775628
0,0.0,35.01833015954809
0,0.0,34.989926612018046
0,0.0,34.975183260096316
0,0.0,34.91013521332369
0,0.0,34.897944393191494
0,0.0,34.89234573243467
0,0.0,34.88281288487638
0,0.0,34.863963290053384
0,0.0,34.827756603333384
0,0.0,34.81947352748206
0,0.0,34.81262414995484
0,0.0,34.79489352721272
0,0.0,34.777626036938535
0,0.0,34.73717390228762
0,0.0,34.72093213308655
0,0.0,34.71995763539
0,0.0,34.678567710194805
0,0.0,34.666200730381625
0,0.0,34.65845870420749
0,0.0,34.595081265059484
0,0.0,34.57814282608866
0,0.0,34.514205515677716
0,0.0,34.48287798243499
0,0.0,34.48193590912869
0,0.0,34.45734374417441
0,0.0,34.44129239812182
0,0.0,34.3850190851128
0,0.0,34.35445049638597
0,0.0,34.33393432067768
0,0.0,34.29844323977426
0,0.0,34.27255471839209
0,0.0,34.22561047905966
0,0.0,34.14934515118297
0,0.0,34.082661119055096
0,0.0,34.07477687491812
0,0.0,33.97993460956141
0,0.0,33.976376254330795
0,0.0,33.964286773184085
0,0.0,33.95830099366721
0,0.0,33.938339328039966
0,0.0,33.9213450803265
0,0.0,33.89694845738727
0,0.0,33.88849315969854
0,0.0,33.847730727503055
0,0.0,33.83945161636368
0,0.0,33.77883665880472
0,0.0,33.68761135457066
0,0.0,33.62961688382063
0,0.0,33.60758919127378
0,0.0,33.598396771420006
0,0.0,33.554644113143645
0,0.0,33.53800661439969
0,0.0,33.49953172012107
0,0.0,33.498727656600046
0,0.0,33.40369248778714
0,0.0,33.40336945555729
0,0.0,33.39272631727518
0,0.0,33.38996973053203
0,0.0,33.3820798789478
0,0.0,33.37359354783393
0,0.0,33.35630064618752
0,0.0,33.34961141782889
0,0.0,33.341428227540455
0,0.0,33.25029590445816
0,0.0,33.24221129610187
0,0.0,33.24075336858836
0,0.0,33.2082194223417
0,0.0,33.20650050526269
0,0.0,33.18254045793436
0,0.0,33.17985292643252
0,0.0,33.17457229693302
0,0.0,33.12217213162154
0,0.0,33.080901146693556
0,0.0,33.0533703886817
0,0.0,33.047094720199695
0,0.0,33.02211250423648
0,0.0,33.010936986794206
0,0.0,32.98839771436045
0,0.0,32.987719320442004
0,0.0,32.973361307824774
0,0.0,32.956289137780736
0,0.0,32.93959098203465
0,0.0,32.939318933938914
0,0.0,32.938953538209034
0,0.0,32.930008851279766
0,0.0,32.92703741538868
0,0.0,32.90632407513675
0,0.0,32.87179444075684
0,0.0,32.813942330325695
0,0.0,32.80321274787679
0,0.0,32.79534474840532
0,0.0,32.79266675279182
0,0.0,32.774837338482065
0,0.0,32.77362558326661
0,0.0,32.76354172945253
0,0.0,32.73912940537636
0,0.0,32.7000400893756
0,0.0,32.68198964917566
0,0.0,32.6796031954572
0,0.0,32.679486698731964
0,0.0,32.672039699789906
0,0.0,32.65647749956622
0,0.0,32.62419743171896
0,0.0,32.61025221582593
0,0.0,32.593844083509744
0,0.0,32.59364433740024
0,0.0,32.58456430641551
0,0.0,32.566701594701065
0,0.0,32.55559313110977
0,0.0,32.53646343101747
0,0.0,32.53422947568663
0,0.0,32.52708487084498
0,0.0,32.517506458367954
0,0.0,32.498068182662465
0,0.0,32.48525676372396
0,0.0,32.45334956579901
0,0.0,32.44611318801333
0,0.0,32.32236269629239
0,0.0,32.30716738267859
0,0.0,32.22330313908699
0,0.0,32.219899936767376
0,0.0,32.189986460800064
0,0.0,32.18215385368447
0,0.0,32.15869802623627
0,0.0,32.15582931224365
0,0.0,32.136397252200815
0,0.0,32.13363546730285
0,0.0,32.10991895108204
0,0.0,32.105003784266216
0,0.0,32.10309176596325
0,0.0,32.098659196132026
0,0.0,32.07403189213254
0,0.0,32.035261841105786
0,0.0,32.01910623654291
0,0.0,31.932733096526466
0,0.0,31.932364400066866
0,0.0,31.883400215028537
0,0.0,31.770778661696305
0,0.0,31.75234703526116
0,0.0,31.637691083197623
0,0.0,31.583987010269073
0,0.0,31.558858272979577
0,0.0,31.53537084481292
0,0.0,31.534429838855043
0,0.0,31.503402464464937
0,0.0,31.497385604837323
0,0.0,31.47372533215516
0,0.0,31.465633488931875
0,0.0,31.40418759485466
0,0.0,31.367933286273548
0,0.0,31.36063391905899
0,0.0,31.312018112349985
0,0.0,31.301909001690188
0,0.0,31.254874457734374
0,0.0,31.171348371433893
0,0.0,31.168221937130628
0,0.0,31.168160835045303
0,0.0,31.087234693152617
0,0.0,31.086775234143424
0,0.0,31.062829143784594
0,0.0,31.042296499611307
0,0.0,31.005639310515637
0,0.0,30.988188544404455
0,0.0,30.935463042425017
0,0.0,30.927259732662616
0,0.0,30.904313116228384
0,0.0,30.88724388064691
0,0.0,30.83959877055246
0,0.0,30.828903856078167
0,0.0,30.810820243103144
0,0.0,30.806734584036246
0,0.0,30.804347717589675
0,0.0,30.789945916862894
0,0.0,30.73209966994096
0,0.0,30.727413116765675
0,0.0,30.725255197407595
0,0.0,30.718762546049454
0,0.0,30.67016738874427
0,0.0,30.663992037399595
0,0.0,30.635463865908516
0,0.0,30.626646917271103
0,0.0,30.59148629452365
0,0.0,30.555904976237034
0,0.0,30.459263874819737
0,0.0,30.454063466021914
0,0.0,30.44045372555221
0,0.0,30.411844166682588
0,0.0,30.400795204552054
0,0.0,30.388191898183415
0,0.0,30.361294792806074
0,0.0,30.36036925030232
0,0.0,30.340783126813818
0,0.0,30.325249125230314
0,0.0,30.29011076320959
0,0.0,30.278102932586155
0,0.0,30.274066901903048
0,0.0,30.259039804310863
0,0.0,30.258049115632737
0,0.0,30.250873475817222
0,0.0,30.22395450296492
0,0.0,30.216806251918293
0,0.0,30.169744732729598
0,0.0,30.143603883045078
0,0.0,30.1061935113423
0,0.0,30.10242814311082
0,0.0,30.07629046050625
0,0.0,30.056311224836225
0,0.0,30.03189302803667
0,0.0,30.02351352280584
0,0.0,29.97814568933897
0,0.0,29.960441235181957
0,0.0,29.95949246719201
0,0.0,29.945488741842034
0,0.0,29.942084762076046
0,0.0,29.87593000252889
0,0.0,29.854225647882785
0,0.0,29.841706593271873
0,0.0,29.829397513407958
0,0.0,29.810666353358855
0,0.0,29.801849879250003
0,0.0,29.78555682874411
0,0.0,29.776336520645742
0,0.0,29.746448815238164
0,0.0,29.74313713618115
0,0.0,29.74055031773688
0,0.0,29.730059390146685
0,0.0,29.716124188392367
0,0.0,29.710854436891054
0,0.0,29.689879791681744
0,0.0,29.68758840292229
0,0.0,29.67606026440833
0,0.0,29.669074017978115
0,0.0,29.6598967435823
0,0.0,29.651707543952494
0,0.0,29.637013091114465
0,0.0,29.611344614780474
0,0.0,29.600948485353502
0,0.0,29.578912768669245
0,0.0,29.564273951788167
0,0.0,29.561971247241353
0,0.0,29.533230212748897
0,0.0,29.50646003183716
0,0.0,29.491365428898057
0,0.0,29.483426764990313
0,0.0,29.482482525332394
0,0.0,29.469205263236987
0,0.0,29.457137332986328
0,0.0,29.43060084184017
0,0.0,29.423856683051973
0,0.0,29.410161085985713
0,0.0,29.352131933832748
0,0.0,29.35106614100319
0,0.0,29.34326911120749
0,0.0,29.340512028186065
0,0.0,29.33452081346605
0,0.0,29.30515158836338
0,0.0,29.303762539674473
0,0.0,29.291146569175275
0,0.0,29.290503106670627
0,0.0,29.270147048448937
0,0.0,29.265478236872024
0,0.0,29.251030394135512
0,0.0,29.206930920757088
0,0.0,29.198534827888224
0,0.0,29.1898157777225
0,0.0,29.161308909079125
0,0.0,29.157066814496698
0,0.0,29.145147516807388
0,0.0,29.10553872520034
0,0.0,29.101817436198186
0,0.0,29.09168362768683
0,0.0,29.081619294804774
0,0.0,29.075429631700768
0,0.0,29.07291939018008
0,0.0,29.044983137316112
0,0.0,29.037751298806768
0,0.0,29.0344290792875
0,0.0,29.02723786075798
0,0.0,29.01731071931982
0,0.0,28.987656910092714
0,0.0,28.982207606697262
0,0.0,28.97914607976638
0,0.0,28.966941159230753
0,0.0,28.948977219453155
0,0.0,28.941742835504474
0,0.0,28.932772368601416
0,0.0,28.92584642205201
0,0.0,28.924967328979875
0,0.0,28.91975815155421
0,0.0,28.918965625008564
0,0.0,28.909797852473176
0,0.0,28.90591500302428
0,0.0,28.891299987817785
0,0.0,28.885549317949692
0,0.0,28.881156433549897
0,0.0,28.880848371849243
0,0.0,28.860517405050004
0,0.0,28.852817281207518
0,0.0,28.830741904034774
0,0.0,28.81781342999814
0,0.0,28.81426454463066
0,0.0,28.789853995766286
0,0.0,28.76932459302472
0,0.0,28.744824258502156
0,0.0,28.744737824620607
0,0.0,28.729056050268476
0,0.0,28.724236430972905
0,0.0,28.72022867320849
0,0.0,28.709490115103552
0,0.0,28.707517735400003
0,0.0,28.703275741595817
0,0.0,28.667125205292464
0,0.0,28.624549475673856
0,0.0,28.624235460744693
0,0.0,28.573392242622866
0,0.0,28.5675778179689
0,0.0,28.567516477356882
0,0.0,28.55819296889192
0,0.0,28.539544384634024
0,0.0,28.53390774615229
0,0.0,28.53341009594233
0,0.0,28.485511312407553
0,0.0,28.48187663189169
0,0.0,28.465111657000097
0,0.0,28.43371598231232
0,0.0,28.430453534404695
0,0.0,28.41449070421237
0,0.0,28.407344641612944
0,0.0,28.353036058953574
0,0.0,28.338864729035556
0,0.0,28.33623083579771
0,0.0,28.3343575178243
0,0.0,28.31876537830965
0,0.0,28.308380542229493
0,0.0,28.29045324798081
0,0.0,28.283127025274688
0,0.0,28.281578647899583
0,0.0,28.271008713631662
0,0.0,28.251781008024835
0,0.0,28.251633362066713
0,0.0,28.251578423832157
0,0.0,28.24736586579146
0,0.0,28.22465530519765
0,0.0,28.211636002996812
0,0.0,28.20712091628918
0,0.0,28.168483435604735
0,0.0,28.160420997609393
0,0.0,28.135126280320144
0,0.0,28.131170850751452
0,0.0,28.115670218482574
0,0.0,28.084432717252426
0,0.0,28.03724468402111
0,0.0,28.018195586289597
0,0.0,28.012631549534944
0,0.0,27.970657582695733
0,0.0,27.96625386925669
0,0.0,27.96188204677762
0,0.0,27.95091254390853
0,0.0,27.935696517784592
0,0.0,27.926487599311667
0,0.0,27.91759738661821
0,0.0,27.907441778579486
0,0.0,27.87023039781279
0,0.0,27.842898502127923
0,0.0,27.817068518437683
0,0.0,27.798462033382602
0,0.0,27.797706483643065
0,0.0,27.759677861362793
0,0.0,27.75526391114814
0,0.0,27.753586912287094
0,0.0,27.745359490432943
0,0.0,27.735581130905018
0,0.0,27.735029229449257
0,0.0,27.73247659271832
0,0.0,27.72721530291738
0,0.0,27.717706763575727
0,0.0,27.710172621407622
0,0.0,27.695677759237014
0,0.0,27.693015766691804
0,0.0,27.68756876149005
0,0.0,27.63839965153145
0,0.0,27.63069435281135
0,0.0,27.622153673684775
0,0.0,27.602770767680333
0,0.0,27.564683307782886
0,0.0,27.556259718458357
0,0.0,27.504514291557886
0,0.0,27.495052195701284
0,0.0,27.466119000348417
0,0.0,27.464572073320596
0,0.0,27.450799547644692
0,0.0,27.442684300091575
0,0.0,27.43891354019275
0,0.0,27.432404123117717
0,0.0,27.40458617288155
0,0.0,27.399718824343157
0,0.0,27.38398497310313
0,0.0,27.330008797801828
0,0.0,27.31396759370717
0,0.0,27.292889940640976
0,0.0,27.255235016474412
0,0.0,27.251932171777167
0,0.0,27.247284145418757
0,0.0,27.225629449409016
0,0.0,27.206265067782272
0,0.0,27.186916637280405
0,0.0,27.151289911548375
0,0.0,27.123969326033606
0,0.0,27.117053074004453
0,0.0,27.113224934997294
0,0.0,27.111201088111226
0,0.0,27.103610591363875
0,0.0,27.083293889576762
0,0.0,27.073860616210847
0,0.0,27.072274708694735
0,0.0,27.056256994167445
0,0.0,27.056163568553465
0,0.0,27.00573356672984
0,0.0,26.9995016003477
0,0.0,26.94787384251341
0,0.0,26.920020724735746
0,0.0,26.910010955743235
0,0.0,26.90483780421079
0,0.0,26.89659562317348
0,0.0,26.894038832622616
0,0.0,26.886020908705103
0,0.0,26.880562787652437
0,0.0,26.8517523510329
0,0.0,26.8427586102842
0,0.0,26.82914687039818
0,0.0,26.821070092909025
0,0.0,26.767361003417143
0,0.0,26.76468332552766
0,0.0,26.74759475827854
0,0.0,26.728525607962542
0,0.0,26.719179531625315
0,0.0,26.717096566194826
0,0.0,26.69067958021196
0,0.0,26.686055973339574
0,0.0,26.67010489323495
0,0.0,26.600615986621193
0,0.0,26.586791225392727
0,0.0,26.563660212598197
0,0.0,26.553737301866413
0,0.0,26.549577874049696
0,0.0,26.53919928225998
0,0.0,26.511536570657537
0,0.0,26.49199963553742
0,0.0,26.4866022260848
0,0.0,26.48555047116417
0,0.0,26.4841246863919
0,0.0,26.46689544404421
0,0.0,26.4623401011854
0,0.0,26.462056749317945
0,0.0,26.459920808345153
0,0.0,26.444138741143863
0,0.0,26.39143669106376
0,0.0,26.371170935218853
0,0.0,26.363191325333773
0,0.0,26.352725382382616
0,0.0,26.351516690683702
0,0.0,26.345065210897715
0,0.0,26.33273895617268
0,0.0,26.326445854661383
0,0.0,26.325319356524552
0,0.0,26.318885887678228
0,0.0,26.313279210868807
0,0.0,26.302547950074874
0,0.0,26.277920701684614
0,0.0,26.27592407164237
0,0.0,26.258277453962624
0,0.0,26.24543908233198
0,0.0,26.22580254874626
0,0.0,26.222091401062542
0,0.0,26.220158417315517
0,0.0,26.212094336784244
0,0.0,26.18526673628659
0,0.0,26.18123471375517
0,0.0,26.17842081955472
0,0.0,26.171215171654026
0,0.0,26.169298978286022
0,0.0,26.164283431615413
0,0.0,26.16172523209211
0,0.0,26.128518978392666
0,0.0,26.094527649482956
0,0.0,26.089686180408982
0,0.0,26.08936722569279
0,0.0,26.070593346405584
0,0.0,26.06944262561372
0,0.0,26.06680835690415
0,0.0,26.059783026825567
0,0.0,26.039961244582578
0,0.0,26.03534538961671
0,0.0,26.03377772387426
0,0.0,26.02222894362095
0,0.0,26.021330113055228
0,0.0,26.014925164633397
0,0.0,25.98989264764171
0,0.0,25.986964720784158
0,0.0,25.98425227639013
0,0.0,25.98118950963495
0,0.0,25.950914013622153
0,0.0,25.938979906382514
0,0.0,25.93884350568004
0,0.0,25.933623841694512
0,0.0,25.923723469727296
0,0.0,25.887429628356053
0,0.0,25.873006011056628
0,0.0,25.87140919321214
0,0.0,25.850773746166617
0,0.0,25.838460325249695
0,0.0,25.826200811198927
0,0.0,25.822236165885496
0,0.0,25.816175340577878
0,0.0,25.81486519390994
0,0.0,25.807933730592175
0,0.0,25.80728458535911
0,0.0,25.806137085434727
0,0.0,25.802411344285506
0,0.0,25.80132066570225
0,0.0,25.800390114742605
0,0.0,25.784499717044607
0,0.0,25.773919262982837
0,0.0,25.77089554847539
0,0.0,25.759758058778406
0,0.0,25.754104382342597
0,0.0,25.74455564383137
0,0.0,25.726867049851702
0,0.0,25.681445596064044
0,0.0,25.680018114332185
0,0.0,25.677007434834376
0,0.0,25.67236386828099
0,0.0,25.657925903719732
0,0.0,25.641095428089812
0,0.0,25.633828436236925
0,0.0,25.621071608998818
0,0.0,25.589499924374934
0,0.0,25.589111708422905
0,0.0,25.575925079765717
0,0.0,25.57105926026517
0,0.0,25.570802753943585
0,0.0,25.544026628791265
0,0.0,25.540535073831617
0,0.0,25.532963290026487
0,0.0,25.5311910053827
0,0.0,25.52828892000349
0,0.0,25.522323951386554
0,0.0,25.517510994365413
0,0.0,25.51354759514743
0,0.0,25.507737432551327
0,0.0,25.506868664675622
0,0.0,25.502689096859914
0,0.0,25.496756292733675
0,0.0,25.494042550991942
0,0.0,25.467512650909484
0,0.0,25.467069981720265
0,0.0,25.467033047116164
0,0.0,25.453249491589233
0,0.0,25.440607321719398
0,0.0,25.429015212362646
0,0.0,25.42644509685065
0,0.0,25.422122747910365
0,0.0,25.411921789802367
0,0.0,25.38983662941496
0,0.0,25.383380055487624
0,0.0,25.380317181317068
0,0.0,25.365857093104673
0,0.0,25.357520298965643
0,0.0,25.351695070887644
0,0.0,25.350977918553458
0,0.0,25.325610509480466
0,0.0,25.315501304384078
0,0.0,25.295931462824154
0,0.0,25.261001606351464
0,0.0,25.24324338583188
0,0.0,25.242388081342536
0,0.0,25.231580663770618
0,0.0,25.21055334596801
0,0.0,25.208988038316328
0,0.0,25.18002042643902
0,0.0,25.17899266011671
0,0.0,25.172387500945426
0,0.0,25.146579079550328
0,0.0,25.134825583398733
0,0.0,25.13386664277982
0,0.0,25.13368223847121
0,0.0,25.127145116055235
0,0.0,25.12492976064978
0,0.0,25.107562357916713
0,0.0,25.02961818021888
0,0.0,25.011248836838245
0,0.0,25.005515969501012
0,0.0,25.00101819325438
0,0.0,24.99732176743044
0,0.0,24.98717945826185
0,0.0,24.96894954948157
0,0.0,24.963828473104854
0,0.0,24.95773196057859
0,0.0,24.938470872231143
0,0.0,24.936537350479753
0,0.0,24.923951896792275
0,0.0,24.91352371488914
0,0.0,24.911716560520713
0,0.0,24.89856465939695
0,0.0,24.897957463482705
0,0.0,24.896414027777205
0,0.0,24.89367750124943
0,0.0,24.866517999571293
0,0.0,24.84774511083628
0,0.0,24.83827454091741
0,0.0,24.811674904433442
0,0.0,24.805453950863654
0,0.0,24.780147062333228
0,0.0,24.779528180694143
0,0.0,24.7666830827792
0,0.0,24.75316400537271
0,0.0,24.7453051219549
0,0.0,24.732489267471735
0,0.0,24.698802050576962
0,0.0,24.687998857752667
0,0.0,24.66552740084351
0,0.0,24.664760450008515
0,0.0,24.659222122793246
0,0.0,24.65237811837806
0,0.0,24.64531299267605
0,0.0,24.645149423933226
0,0.0,24.633341456257742
0,0.0,24.632110691289807
0,0.0,24.62885782641828
0,0.0,24.619635689971467
0,0.0,24.606811819468742
0,0.0,24.582762874965542
0,0.0,24.58066168824
0,0.0,24.57964081507898
0,0.0,24.562403997034608
0,0.0,24.525628320270215
0,0.0,24.512816802366192
0,0.0,24.50214672750113
0,0.0,24.499493618568465
0,0.0,24.476700087687423
0,0.0,24.47550163216687
0,0.0,24.46304571989662
0,0.0,24.4538532602651
0,0.0,24.449501529835928
0,0.0,24.42951687841242
0,0.0,24.424518064334507
0,0.0,24.412004961471975
0,0.0,24.40765873443698
0,0.0,24.397303872853083
0,0.0,24.385310574904935
0,0.0,24.381844053052827
0,0.0,24.37548120025714
0,0.0,24.37242554339187
0,0.0,24.36582331468307
0,0.0,24.348933072031482
0,0.0,24.311081446739667
0,0.0,24.29498760853202
0,0.0,24.289991699611132
0,0.0,24.289148827553277
0,0.0,24.28382578947631
0,0.0,24.276133667420094
0,0.0,24.275622935761987
0,0.0,24.271953092818105
0,0.0,24.261016602489182
0,0.0,24.259356658126798
0,0.0,24.250022640919305
0,0.0,24.226157378481222
0,0.0,24.22345641053105
0,0.0,24.20025159421721
0,0.0,24.19790669242016
0,0.0,24.17767446953772
0,0.0,24.16957081152123
0,0.0,24.150438836229863
0,0.0,24.150077821429058
0,0.0,24.129835676111284
0,0.0,24.117597225883227
0,0.0,24.091476980267842
0,0.0,24.071807315474768
0,0.0,24.05929331163162
0,0.0,24.04981361158323
0,0.0,24.042864473262103
0,0.0,24.041338393244033
0,0.0,24.025808222345344
0,0.0,24.000154633533118
0,0.0,23.985505020620902
0,0.0,23.97431596387426
0,0.0,23.94132315277692
0,0.0,23.938057249116483
0,0.0,23.91169158300057
0,0.0,23.893373809964938
0,0.0,23.887663915145467
0,0.0,23.884931465624017
0,0.0,23.88110811929583
0,0.0,23.877446537664028
0,0.0,23.87531865661679
0,0.0,23.868432984385798
0,0.0,23.864764279242156
0,0.0,23.852436924834628
0,0.0,23.839738071612597
0,0.0,23.83817255833066
0,0.0,23.80838945749876
0,0.0,23.803521416082017
0,0.0,23.79709362240032
0,0.0,23.796088373967528
0,0.0,23.793885919094286
0,0.0,23.77298602802737
0,0.0,23.753643898749583
0,0.0,23.737896566691084
0,0.0,23.722713001644664
0,0.0,23.71908054294861
0,0.0,23.715438205712207
0,0.0,23.689521838021463
0,0.0,23.67991020335434
0,0.0,23.679491745007574
0,0.0,23.67303502349736
0,0.0,23.665814375678774
0,0.0,23.649314550353804
0,0.0,23.644355373805343
0,0.0,23.63521675066646
0,0.0,23.624693811493195
0,0.0,23.61875184260781
0,0.0,23.60438877743605
0,0.0,23.602862253057218
0,0.0,23.5684084296081
0,0.0,23.551434103638652
0,0.0,23.55142995947812
0,0.0,23.543614614222644
0,0.0,23.53185892646077
0,0.0,23.53183112466477
0,0.0,23.502045568897383
0,0.0,23.48876450025987
0,0.0,23.475479145145343
0,0.0,23.46278599025889
0,0.0,23.46234310608689
0,0.0,23.45764602860904
0,0.0,23.450550853039857
0,0.0,23.449384351592162
0,0.0,23.43457939583864
0,0.0,23.42561606336227
0,0.0,23.420987258753428
0,0.0,23.40905781276711
0,0.0,23.40832600660024
0,0.0,23.4077201965544
0,0.0,23.402365403990334
0,0.0,23.395425400679038
0,0.0,23.393224025244017
0,0.0,23.39134618590108
0,0.0,23.374103706970708
0,0.0,23.343554095932408
0,0.0,23.341596709290442
0,0.0,23.338627602642312
0,0.0,23.332128388398026
0,0.0,23.300591638465097
0,0.0,23.285246225243164
0,0.0,23.269218716394118
0,0.0,23.261519355786742
0,0.0,23.255006719994824
0,0.0,23.2518511196886
0,0.0,23.24762812280747
0,0.0,23.23874577229961
0,0.0,23.235994761852634
0,0.0,23.222116871657747
0,0.0,23.220665923895787
0,0.0,23.207299322712558
0,0.0,23.20285890171864
0,0.0,23.200538924387303
0,0.0,23.19764662271772
0,0.0,23.187203625165523
0,0.0,23.159947796645433
0,0.0,23.15569632624958
0,0.0,23.15543677988252
0,0.0,23.13748909767222
0,0.0,23.132947640791333
0,0.0,23.130159697126192
0,0.0,23.129435106511632
0,0.0,23.11415971629485
0,0.0,23.097905861924378
0,0.0,23.09766511513648
0,0.0,23.092447291945142
0,0.0,23.092251936718792
0,0.0,23.087970923076814
0,0.0,23.084283454821207
0,0.0,23.04960474719561
0,0.0,23.030031733714246
0,0.0,23.027097049670203
0,0.0,23.026487188220916
0,0.0,23.026352600152965
0,0.0,23.025399857602235
0,0.0,23.02332211446016
0,0.0,23.021232013660775
0,0.0,23.01792262670006
0,0.0,23.00893943968575
0,0.0,23.002166455158992
0,0.0,22.99711564764972
0,0.0,22.987905421706937
0,0.0,22.98639458378297
0,0.0,22.972328227870854
0,0.0,22.955904805166593
0,0.0,22.924638832761538
0,0.0,22.912543615504468
0,0.0,22.912030968574797
0,0.0,22.904817223201995
0,0.0,22.903532248640982
0,0.0,22.90238063072998
0,0.0,22.895237264444912
0,0.0,22.886902813350286
0,0.0,22.884390742320175
0,0.0,22.878108208261843
0,0.0,22.87642411126385
0,0.0,22.84731029379168
0,0.0,22.84419630528073
0,0.0,22.84261094514191
0,0.0,22.842312034300896
0,0.0,22.823985948742223
0,0.0,22.81063579872081
0,0.0,22.801572891703145
0,0.0,22.798612205377893
0,0.0,22.7925095095524
0,0.0,22.792490531882276
0,0.0,22.789766381788233
0,0.0,22.75852490491564
0,0.0,22.745724488438913
0,0.0,22.741197399852755
0,0.0,22.738357943010037
0,0.0,22.73042574801272
0,0.0,22.685353038529527
0,0.0,22.677447503319197
0,0.0,22.675850524237106
0,0.0,22.66905807878533
0,0.0,22.667054740234985
0,0.0,22.66334655930143
0,0.0,22.663270944602047
0,0.0,22.619946939457982
0,0.0,22.599346803503238
0,0.0,22.590247766365717
0,0.0,22.58361005621388
0,0.0,22.579905638716124
0,0.0,22.55897069987041
0,0.0,22.546913157075302
0,0.0,22.49848381819184
0,0.0,22.494166020546214
0,0.0,22.484852973416874
0,0.0,22.46091127235178
0,0.0,22.459237074048318
0,0.0,22.44378269762869
0,0.0,22.441771395449788
0,0.0,22.407924826568916
0,0.0,22.391648545374657
0,0.0,22.375180464440184
0,0.0,22.34908918935059
0,0.0,22.33847884018988
0,0.0,22.3342677464455
0,0.0,22.333973519619963
0,0.0,22.331407917716014
0,0.0,22.297709529167218
0,0.0,22.293360963584366
0,0.0,22.28160275545344
0,0.0,22.27725575894879
0,0.0,22.27265129449571
0,0.0,22.260625130546025
0,0.0,22.252869952311865
0,0.0,22.25104164966406
0,0.0,22.23912546619197
0,0.0,22.23311356559774
0,0.0,22.201467679285336
0,0.0,22.20111084597934
0,0.0,22.1858732355172
0,0.0,22.17832996607606
0,0.0,22.173321692086777
0,0.0,22.167918415732114
0,0.0,22.161304268996307
0,0.0,22.140985886370498
0,0.0,22.125280064510637
0,0.0,22.113972227024075
0,0.0,22.111485267786485
0,0.0,22.109939103553554
0,0.0,22.098277529148696
0,0.0,22.09072456840655
0,0.0,22.084554562494066
0,0.0,22.04145660151787
0,0.0,22.031709645346474
0,0.0,22.02997906477396
0,0.0,22.01261569550933
0,0.0,21.993271227767902
0,0.0,21.985585234234662
0,0.0,21.97746955857484
0,0.0,21.97643529085047
0,0.0,21.937871769607263
0,0.0,21.930003436204878
0,0.0,21.924521370273663
0,0.0,21.922062420458815
0,0.0,21.919735640670527
0,0.0,21.912803290673317
0,0.0,21.889859618807932
0,0.0,21.889624625579632
0,0.0,21.878959433582242
0,0.0,21.875465534426514
0,0.0,21.843158566516248
0,0.0,21.834235712379847
0,0.0,21.824954262243665
0,0.0,21.796811193930083
0,0.0,21.76644131798415
0,0.0,21.764615604241097
0,0.0,21.760922736058205
0,0.0,21.75361717246884
0,0.0,21.7484405225969
0,0.0,21.747307748885035
0,0.0,21.73369228568064
0,0.0,21.706286011663607
0,0.0,21.684604192243736
0,0.0,21.66329667620796
0,0.0,21.649408840623686
0,0.0,21.64936723741267
0,0.0,21.647665517263455
0,0.0,21.63568716308371
0,0.0,21.62352387476111
0,0.0,21.61983909818915
0,0.0,21.608586377897915
0,0.0,21.58332270159124
0,0.0,21.57081672701743
0,0.0,21.568547087663593
0,0.0,21.54474533522602
0,0.0,21.538737928111708
0,0.0,21.5083748860436
0,0.0,21.497084666783206
0,0.0,21.496979584669266
0,0.0,21.49239034177761
0,0.0,21.466287934791048
0,0.0,21.429340177185036
0,0.0,21.42896849540343
0,0.0,21.428023318607192
0,0.0,21.415481537626604
0,0.0,21.414483900887408
0,0.0,21.41428152931609
0,0.0,21.394076044569154
0,0.0,21.3900354512532
0,0.0,21.36152063238531
0,0.0,21.33629830794543
0,0.0,21.331722976652756
0,0.0,21.321261962377037
0,0.0,21.309003518355965
0,0.0,21.30447866799134
0,0.0,21.29627764660419
0,0.0,21.288859044964113
0,0.0,21.288324080361
0,0.0,21.2882323812158
0,0.0,21.260522632666902
0,0.0,21.223545576135503
0,0.0,21.219766355552526
0,0.0,21.197398963666295
0,0.0,21.187017600938464
0,0.0,21.17430372712453
0,0.0,21.163429109246405
0,0.0,21.153347939348546
0,0.0,21.148517123536784
0,0.0,21.13978763951264
0,0.0,21.092627986425846
0,0.0,21.078465087679685
0,0.0,21.077098053024272
0,0.0,21.07208278783227
0,0.0,21.05826400553963
0,0.0,21.054422259221866
0,0.0,21.050088796810353
0,0.0,21.049382971321407
0,0.0,21.04778510608205
0,0.0,21.04008209162396
0,0.0,21.02518933612294
0,0.0,21.02303306091099
0,0.0,21.01046433809642
0,0.0,21.001541026935005
0,0.0,20.987751550836748
0,0.0,20.983034136674245
0,0.0,20.97566302212816
0,0.0,20.964342358887045
0,0.0,20.96031811380551
0,0.0,20.93117436141454
0,0.0,20.91486690128483
0,0.0,20.91459632279984
0,0.0,20.879933090437817
0,0.0,20.87809916707572
0,0.0,20.849893320086267
0,0.0,20.834036380860933
0,0.0,20.828574170107668
0,0.0,20.812656774446314
0,0.0,20.808065676995263
0,0.0,20.804849657133524
0,0.0,20.7769557620143
0,0.0,20.772827957864322
0,0.0,20.76739127563753
0,0.0,20.766081386106414
0,0.0,20.743978679838612
0,0.0,20.727066365689076
0,0.0,20.71429122599147
0,0.0,20.690497356337282
0,0.0,20.682507178206876
0,0.0,20.679860968926622
0,0.0,20.670385607685215
0,0.0,20.66763529624872
0,0.0,20.655634558674162
0,0.0,20.654616868727096
0,0.0,20.63041811761263
0,0.0,20.629280515881685
0,0.0,20.626453624661586
0,0.0,20.604066140081567
0,0.0,20.602700573452573
0,0.0,20.574427234583773
0,0.0,20.56814593032614
0,0.0,20.535225388759493
0,0.0,20.5240225564307
0,0.0,20.502774634595728
0,0.0,20.48221259838811
0,0.0,20.46611120440378
0,0.0,20.455372913883643
0,0.0,20.451545431966103
0,0.0,20.449119652186475
0,0.0,20.446234725404594
0,0.0,20.426783367625337
0,0.0,20.402299995619778
0,0.0,20.401195611470236
0,0.0,20.386737874331374
0,0.0,20.37617906298107
0,0.0,20.3760291438393
0,0.0,20.37519114510407
0,0.0,20.37215761601993
0,0.0,20.35839926966735
0,0.0,20.344558514320767
0,0.0,20.339895619936755
0,0.0,20.334807489017493
0,0.0,20.31643075735226
0,0.0,20.303835010770374
0,0.0,20.285575092757668
0,0.0,20.2521975093909
0,0.0,20.25158663806539
0,0.0,20.168455078632082
0,0.0,20.148010050496424
0,0.0,20.12798978356062
0,0.0,20.125594275041546
0,0.0,20.123986285321177
0,0.0,20.11927048843732
0,0.0,20.111472213121296
0,0.0,20.110767419632417
0,0.0,20.087055846580498
0,0.0,20.087023181539944
0,0.0,20.0800788329642
0,0.0,20.063897519693587
0,0.0,20.061625816109743
0,0.0,20.05823188219391
0,0.0,20.055915242589364
0,0.0,20.035759410189158
0,0.0,20.00878259606344
0,0.0,20.000436551202167
0,0.0,19.989892906811825
0,0.0,19.986003734958473
0,0.0,19.962335666793287
0,0.0,19.953790815037635
0,0.0,19.94795962018225
0,0.0,19.893502655349028
0,0.0,19.866922307908254
0,0.0,19.825057675367322
0,0.0,19.810933020783878
0,0.0,19.80397778732885
0,0.0,19.801430917150846
0,0.0,19.744101240427533
0,0.0,19.738453394183004
0,0.0,19.718755848536183
0,0.0,19.704016734071498
0,0.0,19.694676808969934
0,0.0,19.66295529076602
0,0.0,19.659349822233498
0,0.0,19.645402436479767
0,0.0,19.643899027329304
0,0.0,19.62835154476962
0,0.0,19.607713723567333
0,0.0,19.581485282718837
0,0.0,19.55508360306479
0,0.0,19.55140394805027
0,0.0,19.54048343852343
0,0.0,19.53801281569694
0,0.0,19.524493910386138
0,0.0,19.520226937650477
0,0.0,19.489453085359063
0,0.0,19.489102370102202
0,0.0,19.469313476054207
0,0.0,19.45510358212282
0,0.0,19.44556503336437
0,0.0,19.442853039654036
0,0.0,19.435199545207986
0,0.0,19.43362100762467
0,0.0,19.4302474687725
0,0.0,19.425297068795945
0,0.0,19.410589200507417
0,0.0,19.399667257262788
0,0.0,19.39515222510617
0,0.0,19.357041458309773
0,0.0,19.326485099164515
0,0.0,19.326007855269975
0,0.0,19.294530200744422
0,0.0,19.289483452116034
0,0.0,19.270475512907023
0,0.0,19.268849061075887
0,0.0,19.252803163148897
0,0.0,19.25081093669994
0,0.0,19.21946662419911
0,0.0,19.213989107916976
0,0.0,19.19379237430722
0,0.0,19.163317649227977
0,0.0,19.161128966351647
0,0.0,19.131316676926605
0,0.0,19.130804443362457
0,0.0,19.130774255403903
0,0.0,19.09578221573104
0,0.0,19.08979146982539
0,0.0,19.08908386064774
0,0.0,19.076883793064
0,0.0,19.07374639899252
0,0.0,19.04807491271937
0,0.0,19.045566404810298
0,0.0,19.039178842432527
0,0.0,19.006314978253094
0,0.0,19.005464474166896
0,0.0,19.000153098505802
0,0.0,18.987334475633975
0,0.0,18.980882028475573
0,0.0,18.972675282601227
0,0.0,18.95667824583359
0,0.0,18.949622729272228
0,0.0,18.93803419715218
0,0.0,18.922411919624096
0,0.0,18.911303979300598
0,0.0,18.900333614710355
0,0.0,18.88641604478883
0,0.0,18.847456876721417
0,0.0,18.838074476051734
0,0.0,18.821680194915274
0,0.0,18.780316187301615
0,0.0,18.7746030879654
0,0.0,18.76073504035073
0,0.0,18.760145561998073
0,0.0,18.74784896835778
0,0.0,18.690691673516415
0,0.0,18.689117950511164
0,0.0,18.68860725060518
0,0.0,18.681572099835336
0,0.0,18.66004325939195
0,0.0,18.64054208185692
0,0.0,18.63933211103868
0,0.0,18.622434222789686
0,0.0,18.602330660157133
0,0.0,18.582421178639986
0,0.0,18.569967018459817
0,0.0,18.551149551861116
0,0.0,18.53161735843437
0,0.0,18.524139392114353
0,0.0,18.462652470290173
0,0.0,18.450926414956797
0,0.0,18.40656323699985
0,0.0,18.404178634619335
0,0.0,18.3960858242174
0,0.0,18.372834369138765
0,0.0,18.332827155473247
0,0.0,18.329753540238844
0,0.0,18.323681319943958
0,0.0,18.323457322923595
0,0.0,18.310622664696936
0,0.0,18.309528253476984
0,0.0,18.303369243295226
0,0.0,18.300580836347645
0,0.0,18.295862508811126
0,0.0,18.292573082270714
0,0.0,18.286019199533623
0,0.0,18.267605206315128
0,0.0,18.267416246470486
0,0.0,18.23339010042378
0,0.0,18.20493094497116
0,0.0,18.200204534598278
0,0.0,18.16960522677676
0,0.0,18.167049388457112
0,0.0,18.158209840893246
0,0.0,18.144299297879833
0,0.0,18.11789688723394
0,0.0,18.113773098982406
0,0.0,18.113187247193316
0,0.0,18.082984230664227
0,0.0,18.077140079243854
0,0.0,18.07304610196454
0,0.0,18.04536897108489
0,0.0,18.042293268157152
0,0.0,18.027524162546
0,0.0,18.00868588511297
0,0.0,18.0079038222666
0,0.0,17.971615256451646
0,0.0,17.955248510275336
0,0.0,17.950097699953655
0,0.0,17.927319189547152
0,0.0,17.920377736719082
0,0.0,17.909918589301903
0,0.0,17.903488055385825
0,0.0,17.885480697277668
0,0.0,17.80991624089504
0,0.0,17.804284242256955
0,0.0,17.79752645580522
0,0.0,17.78317458202517
0,0.0,17.77228740091478
0,0.0,17.746672134390597
0,0.0,17.73839698493151
0,0.0,17.71900922151519
0,0.0,17.711531097610866
0,0.0,17.706210743302464
0,0.0,17.7041316217415
0,0.0,17.68981743779049
0,0.0,17.689285795767088
0,0.0,17.65181243902332
0,0.0,17.601114203282435
0,0.0,17.579334820581526
0,0.0,17.573765013374246
0,0.0,17.56983755359771
0,0.0,17.5669012991218
0,0.0,17.547487692507545
0,0.0,17.53901045143116
0,0.0,17.53275272562282
0,0.0,17.514734382627147
0,0.0,17.480991628997096
0,0.0,17.474481256265488
0,0.0,17.468963652860044
0,0.0,17.464405538659996
0,0.0,17.46009257785
0,0.0,17.42163037479078
0,0.0,17.416042598835926
0,0.0,17.4156351548335
0,0.0,17.360809753656902
0,0.0,17.317926608499164
0,0.0,17.287057697878737
0,0.0,17.28415467086899
0,0.0,17.282935352793366
0,0.0,17.258167764880294
0,0.0,17.229660882768965
0,0.0,17.21606662671624
0,0.0,17.208236731045986
0,0.0,17.207550859591823
0,0.0,17.196553592578827
0,0.0,17.174766889588337
0,0.0,17.12360113427414
0,0.0,17.11809916589143
0,0.0,17.091077394786193
0,0.0,17.084913219348714
0,0.0,17.075900491784505
0,0.0,17.03172129614084
0,0.0,17.019501061437758
0,0.0,16.9994985816246
0,0.0,16.99568318581959
0,0.0,16.973234865005395
0,0.0,16.970581323663286
0,0.0,16.961208149935473
0,0.0,16.92593813946401
0,0.0,16.915776474366947
0,0.0,16.886844030890234
0,0.0,16.87705846893141
0,0.0,16.862837963728694
0,0.0,16.820483771206668
0,0.0,16.815850922631874
0,0.0,16.761429417323676
0,0.0,16.75086557370786
0,0.0,16.719538115654146
0,0.0,16.70813884853431
0,0.0,16.6791660637942
0,0.0,16.674819851131378
0,0.0,16.67264738854346
0,0.0,16.666564961590243
0,0.0,16.63437365004339
0,0.0,16.596171206938177
0,0.0,16.582934918645115
0,0.0,16.570310534565458
0,0.0,16.544465071100305
0,0.0,16.531503908958577
0,0.0,16.531274687023444
0,0.0,16.510278041680703
0,0.0,16.503796914273885
0,0.0,16.474552036650522
0,0.0,16.417540165934312
0,0.0,16.414612476580313
0,0.0,16.41441330348118
0,0.0,16.35029303283383
0,0.0,16.34776127102203
0,0.0,16.326361266427636
0,0.0,16.282812026600624
0,0.0,16.27315615133558
0,0.0,16.269885192804136
0,0.0,16.24975865713331
0,0.0,16.205317341669367
0,0.0,16.194454499851457
0,0.0,16.14528813071792
0,0.0,16.13649068311992
0,0.0,16.12559643948362
0,0.0,16.09235869467314
0,0.0,16.082034327349554
0,0.0,16.061813198836397
0,0.0,16.05246121483632
0,0.0,16.01209405331601
0,0.0,15.998122108310248
0,0.0,15.989832913154006
0,0.0,15.984721059696964
0,0.0,15.965953715241739
0,0.0,15.955641250884542
0,0.0,15.912340142567901
0,0.0,15.888931786771776
0,0.0,15.879758189326006
0,0.0,15.805768164422743
0,0.0,15.777027627990087
0,0.0,15.772611191033382
0,0.0,15.741539539036978
0,0.0,15.727997689979194
0,0.0,15.665057886587707
0,0.0,15.656341246919185
0,0.0,15.6394308600861
0,0.0,15.634359292596768
0,0.0,15.53823469267708
0,0.0,15.515241061624065
0,0.0,15.495612517252246
0,0.0,15.486543805977552
0,0.0,15.47911156495678
0,0.0,15.362645517387195
0,0.0,15.355497265883145
0,0.0,15.352411282130811
0,0.0,15.352368073850881
0,0.0,15.351407268120852
0,0.0,15.338156977048877
0,0.0,15.336239543939257
0,0.0,15.321397854528414
0,0.0,15.31704580932961
0,0.0,15.302918145258433
0,0.0,15.298588681885262
0,0.0,15.289769743934055
0,0.0,15.289585322217327
0,0.0,15.28651984248352
0,0.0,15.28426109167784
0,0.0,15.27163098793156
0,0.0,15.253130272246302
0,0.0,15.222209089049068
0,0.0,15.179157150117788
0,0.0,15.16956392770395
0,0.0,15.143351017344216
0,0.0,15.118857136743099
0,0.0,15.114327523096051
0,0.0,15.093830171504827
0,0.0,15.078598389421792
0,0.0,15.077237425631258
0,0.0,15.059434308467653
0,0.0,15.043580638221034
0,0.0,15.043317180273048
0,0.0,15.041972048834259
0,0.0,15.030769203688056
0,0.0,15.01733451408024
0,0.0,14.968620393400696
0,0.0,14.874391874947378
0,0.0,14.865781576888617
0,0.0,14.831865331435772
0,0.0,14.81987057506058
0,0.0,14.80367800246856
0,0.0,14.73332272659058
0,0.0,14.709821264768962
0,0.0,14.586643485867143
0,0.0,14.537957692929885
0,0.0,14.477794726801088
0,0.0,14.461765493152797
0,0.0,14.404365371788966
0,0.0,14.197076160383231
0,0.0,14.184367221417395
0,0.0,14.182746886614863
0,0.0,14.180206156003386
0,0.0,14.167476818431638
0,0.0,14.009709789470152
0,0.0,13.99360767779873
0,0.0,13.940205116695937
0,0.0,13.938714658627138
0,0.0,13.92053614258393
0,0.0,13.834857063497454
0,0.0,13.828115242786525
0,0.0,13.805003267360206
0,0.0,13.766055375389396
0,0.0,13.743804678045755
0,0.0,13.700135688158406
0,0.0,13.698227436972047
0,0.0,13.681895877688675
0,0.0,13.652867558727891
0,0.0,13.648496812170176
0,0.0,13.637447637416118
0,0.0,13.627574745520251
0,0.0,13.604762767866992
0,0.0,13.592099220508326
0,0.0,13.579729899525237
0,0.0,13.546743395578408
0,0.0,13.522426438699503
0,0.0,13.520422848599795
0,0.0,13.470097675447068
0,0.0,13.35654938574839
0,0.0,13.353745275505332
0,0.0,13.240411197881535
0,0.0,13.238639653244867
0,0.0,13.17184059426217
0,0.0,13.139288163177987
0,0.0,13.12194378618497
0,0.0,13.001965398935571
0,0.0,12.9606192805725
0,0.0,12.825389060178328
0,0.0,12.723032864898059
0,0.0,12.629000697251424
0,0.0,12.563879325544555
0,0.0,12.551695742099984
0,0.0,12.483633136004041
0,0.0,12.47627755130859
0,0.0,12.2649125457991
0,0.0,12.226736592796863
0,0.0,12.204133083105287
0,0.0,11.76922547917343
0,0.0,11.703437082055409
0,0.0,11.684376080167748
0,0.0,11.59831004273222
0,0.0,11.57048349349788
0,0.0,11.265756060805293
0,0.0,11.233750349236908
0,0.0,11.229079659425812
0,0.0,11.135273636794619
0,0.0,11.12206858575371
0,0.0,10.959057826288635
0,0.0,10.956453523016371
0,0.0,10.85971275323992
0,0.0,10.695691278817938
0,0.0,10.359522139582777
0,0.0,9.83414542944108
0,0.0,9.831208257147212
0,0.0,9.497096456410226
0,0.0,8.118125567100767
