CellID,X_centroid,Y_centroid,Sample,phenotype,FinalPhenotype
4706.0,34539.7102564103,11815.6735042735,AGSCC_1,Ki67+ tumor cells,Ki67+ tumor
6312.0,35173.664,12222.1456,AGSCC_1,stromal cells,Stromal
11004.0,34067.9228650138,12420.1212121212,AGSCC_1,memory CD8+ T cells,Effector CD8+ T cells
12568.0,35564.0905172414,11211.8146551724,AGSCC_1,effector CD8+ T cells,Effector CD8+ T cells
14295.0,34026.1732101617,12042.5542725173,AGSCC_1,stromal cells,Stromal
14520.0,35232.7051671733,11202.4224924012,AGSCC_1,endothelial cells,Endothelial
18925.0,33885.3176470588,12184.8917647059,AGSCC_1,regulatory T cells,Regulatory T cells
27790.0,33882.9906103286,12457.9014084507,AGSCC_1,stromal cells,Stromal
30508.0,33887.6950549451,12015.6126373626,AGSCC_1,memory CD4+ T cells,Regulatory T cells
30801.0,34578.2986698912,12066.3796856106,AGSCC_1,Ki67+ tumor cells,Ki67+ tumor
31280.0,33839.4151436031,11991.0522193211,AGSCC_1,memory CD8+ T cells,Effector CD8+ T cells
34930.0,33935.1881188119,12443.3465346535,AGSCC_1,stromal cells,Stromal
35343.0,34295.9801980198,11207.9851485149,AGSCC_1,memory CD4+ T cells,Regulatory T cells
35807.0,35358.9098143236,11167.824933687,AGSCC_1,endothelial cells,Endothelial
36362.0,34107.5779376499,11835.0503597122,AGSCC_1,memory CD8+ T cells,Effector CD8+ T cells
37129.0,35532.0051679587,11234.4470284238,AGSCC_1,endothelial cells,Endothelial
39001.0,35006.4603960396,11222.5222772277,AGSCC_1,stromal cells,Stromal
40129.0,34239.7009646302,11827.2073954984,AGSCC_1,endothelial cells,Endothelial
40167.0,34117.3514986376,11911.4577656676,AGSCC_1,memory CD8+ T cells,Effector CD8+ T cells
40939.0,33933.5455950541,11900.7897990726,AGSCC_1,endothelial cells,Endothelial
41607.0,35051.0534591195,11229.9150943396,AGSCC_1,CD4+ T cells,CD4+ T cells
43544.0,34363.8445424476,11961.7320837927,AGSCC_1,M2 macrophages,M2 macrophages
45463.0,34016.3268921095,12199.7616747182,AGSCC_1,endothelial cells,Endothelial
45605.0,34309.972299169,11832.0249307479,AGSCC_1,endothelial cells,Endothelial
45871.0,34178.7969924812,11230.6353383459,AGSCC_1,memory CD4+ T cells,Regulatory T cells
48138.0,34540.5796703297,12185.3736263736,AGSCC_1,tumor cells,Tumor
50741.0,34303.2037037037,12292.6296296296,AGSCC_1,memory CD8+ T cells,Effector CD8+ T cells
56281.0,33862.4512534819,12106.2590529248,AGSCC_1,memory CD8+ T cells,Effector CD8+ T cells
56611.0,33587.4704545455,12562.9772727273,AGSCC_1,memory CD8+ T cells,Effector CD8+ T cells
58518.0,34887.5824039653,12310.1710037175,AGSCC_1,tumor cells,Tumor
60870.0,34318.7733990148,11881.3448275862,AGSCC_1,endothelial cells,Endothelial
62454.0,34694.7944785276,12359.3619631902,AGSCC_1,stromal cells,Stromal
62463.0,34070.8680981595,11237.0950920245,AGSCC_1,effector CD8+ T cells,Effector CD8+ T cells
63187.0,33850.2023121387,11961.7784200385,AGSCC_1,memory CD8+ T cells,Effector CD8+ T cells
64129.0,34085.9007444169,12457.6575682382,AGSCC_1,stromal cells,Stromal
64716.0,32906.4176470588,11584.7235294118,AGSCC_1,memory CD4+ T cells,Regulatory T cells
65733.0,35056.5479674797,11191.4861788618,AGSCC_1,CD4+ T cells,CD4+ T cells
66420.0,33845.442687747,12243.8577075099,AGSCC_1,memory CD4+ T cells,Regulatory T cells
70401.0,33962.9137931034,11914.908045977,AGSCC_1,memory CD8+ T cells,Effector CD8+ T cells
70840.0,32935.1638225256,11480.6484641638,AGSCC_1,CD4+ T cells,CD4+ T cells
74562.0,33825.8195488722,12276.4385964912,AGSCC_1,endothelial cells,Endothelial
77008.0,33839.8991354467,12501.3976945245,AGSCC_1,M2 macrophages,M2 macrophages
77093.0,34248.6031042129,12132.1507760532,AGSCC_1,other APCs,Other APCs
77141.0,34519.1412037037,12225.6180555556,AGSCC_1,memory CD4+ T cells,Regulatory T cells
82445.0,34315.4038461538,12489.3173076923,AGSCC_1,memory CD4+ T cells,Regulatory T cells
82875.0,34273.9176136364,12420.1306818182,AGSCC_1,memory CD4+ T cells,Regulatory T cells
84852.0,33812.1703470032,11939.6088328076,AGSCC_1,memory CD4+ T cells,Regulatory T cells
85039.0,33112.8058823529,11266.6607843137,AGSCC_1,CD4+ T cells,CD4+ T cells
85785.0,33543.9683794466,12503.6837944664,AGSCC_1,stromal cells,Stromal
86936.0,34835.7717647059,12261.3435294118,AGSCC_1,CD4+ T cells,CD4+ T cells
87278.0,33748.0347222222,12547.3229166667,AGSCC_1,memory CD4+ T cells,Regulatory T cells
87352.0,33815.6649076517,12022.0844327177,AGSCC_1,memory CD4+ T cells,Regulatory T cells
88813.0,34179.4790419162,12307.8443113772,AGSCC_1,stromal cells,Stromal
90480.0,33776.3842364532,12504.7093596059,AGSCC_1,stromal cells,Stromal
90774.0,34027.9766990291,12170.3359223301,AGSCC_1,memory CD8+ T cells,Effector CD8+ T cells
94424.0,33933.2597765363,12347.9832402235,AGSCC_1,memory CD4+ T cells,Regulatory T cells
99803.0,35190.9747191011,11219.0983146067,AGSCC_1,effector CD8+ T cells,Effector CD8+ T cells
99921.0,34320.0098522167,11992.8965517241,AGSCC_1,M2 macrophages,M2 macrophages
100463.0,33767.1712598425,12526.6673228346,AGSCC_1,memory CD4+ T cells,Regulatory T cells
101512.0,35005.4077328647,12257.7240773286,AGSCC_1,memory CD8+ T cells,Effector CD8+ T cells
102147.0,34082.1984126984,11997.7797619048,AGSCC_1,M2 macrophages,M2 macrophages
102836.0,34754.7605633803,11217.5,AGSCC_1,effector CD8+ T cells,Effector CD8+ T cells
107296.0,35095.5142405063,12198.1566455696,AGSCC_1,memory CD8+ T cells,Effector CD8+ T cells
107863.0,34095.1237113402,12438.1907216495,AGSCC_1,stromal cells,Stromal
108236.0,33971.2372372372,12486.3753753754,AGSCC_1,memory CD4+ T cells,Regulatory T cells
109841.0,33837.137755102,12417.7295918367,AGSCC_1,other APCs,Other APCs
110201.0,34001.7862068966,12083.7724137931,AGSCC_1,stromal cells,Stromal
110296.0,34886.2404761905,12131.280952381,AGSCC_1,stromal cells,Stromal
110933.0,33026.1720430108,11617.8637992832,AGSCC_1,endothelial cells,Endothelial
111367.0,34202.4457478006,12201.3313782991,AGSCC_1,memory CD4+ T cells,Regulatory T cells
112130.0,33019.2453333333,11603.04,AGSCC_1,endothelial cells,Endothelial
112195.0,35022.0053191489,11180.3617021277,AGSCC_1,endothelial cells,Endothelial
116198.0,34566.195754717,11235.570754717,AGSCC_1,effector CD8+ T cells,Effector CD8+ T cells
117836.0,35229.0504201681,11128.5798319328,AGSCC_1,effector CD8+ T cells,Effector CD8+ T cells
118896.0,34049.0685358255,12512.1370716511,AGSCC_1,memory CD8+ T cells,Effector CD8+ T cells
119977.0,33852.6813186813,12463.7747252747,AGSCC_1,memory CD4+ T cells,Regulatory T cells
120522.0,35174.7195767196,11204.4126984127,AGSCC_1,endothelial cells,Endothelial
121187.0,35299.7679697352,12235.4905422446,AGSCC_1,Ki67+ tumor cells,Ki67+ tumor
121707.0,34516.1921182266,11948.5320197044,AGSCC_1,tumor cells,Tumor
122199.0,34183.5317073171,11250.7146341463,AGSCC_1,endothelial cells,Endothelial
123494.0,34059.6961602671,12187.1619365609,AGSCC_1,effector CD8+ T cells,Effector CD8+ T cells
123845.0,33503.2345276873,12340.6449511401,AGSCC_1,stromal cells,Stromal
124535.0,35143.7178082192,12264.3616438356,AGSCC_1,B cells,B cells
124977.0,34261.6298701299,12301.0616883117,AGSCC_1,memory CD4+ T cells,Regulatory T cells
126063.0,33524.8078817734,12388.7832512315,AGSCC_1,stromal cells,Stromal
126392.0,34354.4447368421,12409.4,AGSCC_1,memory CD4+ T cells,Regulatory T cells
127130.0,33925.1384615385,12156.5871794872,AGSCC_1,memory CD8+ T cells,Effector CD8+ T cells
128447.0,35084.0248447205,11225.9409937888,AGSCC_1,regulatory T cells,Regulatory T cells
129862.0,33725.0256410256,12526.1153846154,AGSCC_1,stromal cells,Stromal
131617.0,34022.446866485,12413.8528610354,AGSCC_1,memory CD8+ T cells,Effector CD8+ T cells
134882.0,34385.7249357327,11824.030848329,AGSCC_1,CD4+ T cells,CD4+ T cells
134966.0,33845.9056603774,12086.9460916442,AGSCC_1,memory CD8+ T cells,Effector CD8+ T cells
136254.0,34318.7426160338,11259.8312236287,AGSCC_1,stromal cells,Stromal
136387.0,34206.2728551336,12419.3473980309,AGSCC_1,endothelial cells,Endothelial
136681.0,34338.7066974596,12393.2032332564,AGSCC_1,CD4+ T cells,CD4+ T cells
137548.0,34283.6271777003,11818.4494773519,AGSCC_1,effector CD8+ T cells,Effector CD8+ T cells
139576.0,33771.9413489736,12397.1700879765,AGSCC_1,stromal cells,Stromal
139933.0,33227.196875,11537.075,AGSCC_1,stromal cells,Stromal
140359.0,34201.5310173697,12171.4689826303,AGSCC_1,M1/M0 macrophages,M1/M0 macrophages
140553.0,35148.1312849162,11193.1396648045,AGSCC_1,endothelial cells,Endothelial
142954.0,33912.8741007194,12056.2769784173,AGSCC_1,M1/M0 macrophages,M1/M0 macrophages
143731.0,33620.9621621622,12526.0126126126,AGSCC_1,M2 macrophages,M2 macrophages
144068.0,34518.6145124717,12247.9954648526,AGSCC_1,other APCs,Other APCs
145311.0,33715.014084507,12432.7218309859,AGSCC_1,memory CD4+ T cells,Regulatory T cells
147876.0,33720.520661157,11279.4752066116,AGSCC_1,effector CD8+ T cells,Effector CD8+ T cells
150157.0,34745.1174168297,12553.614481409,AGSCC_1,tumor cells,Tumor
151628.0,34064.4668769716,12254.2712933754,AGSCC_1,dendritic cells,Dendritic cells
151677.0,33865.5757575758,12492.3872053872,AGSCC_1,memory CD4+ T cells,Regulatory T cells
152566.0,35168.3216957606,12173.9476309227,AGSCC_1,M2 macrophages,M2 macrophages
154789.0,33583.9461077844,12516.0628742515,AGSCC_1,memory CD4+ T cells,Regulatory T cells
154896.0,34227.2841328413,12475.741697417,AGSCC_1,memory CD4+ T cells,Regulatory T cells
154916.0,34150.2764505119,12499.9692832765,AGSCC_1,memory CD4+ T cells,Regulatory T cells
157399.0,34049.9285714286,12496.5848214286,AGSCC_1,memory CD4+ T cells,Regulatory T cells
158005.0,35563.9011764706,11240.6729411765,AGSCC_1,endothelial cells,Endothelial
159684.0,34381.8950131234,11232.7795275591,AGSCC_1,endothelial cells,Endothelial
159713.0,34143.9826589595,11233.9537572254,AGSCC_1,neutrophils,Neutrophils
160953.0,33708.1574344023,12546.4985422741,AGSCC_1,stromal cells,Stromal
161763.0,34011.8966292135,11238.395505618,AGSCC_1,stromal cells,Stromal
162048.0,34217.8335388409,11202.3094944513,AGSCC_1,endothelial cells,Endothelial
162086.0,34059.0215633423,12363.4339622642,AGSCC_1,stromal cells,Stromal
162495.0,34269.6231884058,12504.9855072464,AGSCC_1,stromal cells,Stromal
162647.0,34523.9734219269,11169.7641196013,AGSCC_1,CD4+ T cells,CD4+ T cells
162789.0,34593.1005586592,12082.1675977654,AGSCC_1,memory CD8+ T cells,Effector CD8+ T cells
162941.0,33837.6153846154,11922.9966555184,AGSCC_1,neutrophils,Neutrophils
164753.0,33900.5652173913,12134.0081521739,AGSCC_1,memory CD4+ T cells,Regulatory T cells
165283.0,32950.0489690722,11534.5412371134,AGSCC_1,stromal cells,Stromal
165647.0,34152.4142857143,12251.3,AGSCC_1,dendritic cells,Dendritic cells
165739.0,34308.6675126904,12418.5025380711,AGSCC_1,memory CD8+ T cells,Effector CD8+ T cells
166271.0,34402.2232704402,12197.0440251572,AGSCC_1,memory CD4+ T cells,Regulatory T cells
166906.0,33662.343387471,12429.8909512761,AGSCC_1,CD4+ T cells,CD4+ T cells
168176.0,34258.9485049834,12094.3056478405,AGSCC_1,memory CD8+ T cells,Effector CD8+ T cells
170400.0,33590.1603773585,12535.9740566038,AGSCC_1,M1/M0 macrophages,M1/M0 macrophages
171276.0,33648.1814946619,12477.7224199288,AGSCC_1,memory CD4+ T cells,Regulatory T cells
171313.0,32933.6997690531,11510.7159353349,AGSCC_1,M2 macrophages,M2 macrophages
173992.0,34174.9664268585,12243.1438848921,AGSCC_1,memory CD8+ T cells,Effector CD8+ T cells
174172.0,34358.8997555012,11207.2640586797,AGSCC_1,effector CD8+ T cells,Effector CD8+ T cells
175353.0,33988.2078804348,12305.6426630435,AGSCC_1,endothelial cells,Endothelial
175516.0,33892.2281879195,12356.7046979866,AGSCC_1,memory CD8+ T cells,Effector CD8+ T cells
176124.0,34453.230964467,12188.2766497462,AGSCC_1,memory CD8+ T cells,Effector CD8+ T cells
177447.0,35381.8292682927,12211.3677298311,AGSCC_1,memory CD4+ T cells,Regulatory T cells
179517.0,34034.6943699732,12350.4075067024,AGSCC_1,stromal cells,Stromal
182696.0,33867.413559322,11981.0644067797,AGSCC_1,memory CD4+ T cells,Regulatory T cells
182947.0,35121.1104166667,11167.6875,AGSCC_1,endothelial cells,Endothelial
183097.0,33805.356223176,12502.6180257511,AGSCC_1,memory CD4+ T cells,Regulatory T cells
183509.0,34431.2364864865,11208.7398648649,AGSCC_1,endothelial cells,Endothelial
183533.0,34653.519650655,11953.672489083,AGSCC_1,M1/M0 macrophages,M1/M0 macrophages
184124.0,33857.376,12016.8426666667,AGSCC_1,endothelial cells,Endothelial
184194.0,33897.1029810298,11162.8943089431,AGSCC_1,M1/M0 macrophages,M1/M0 macrophages
184612.0,34960.2263157895,11217.3578947368,AGSCC_1,neutrophils,Neutrophils
185098.0,33887.8440860215,12532.2258064516,AGSCC_1,memory CD4+ T cells,Regulatory T cells
187587.0,34179.462585034,12271.5578231293,AGSCC_1,endothelial cells,Endothelial
187617.0,34202.9550561798,11227.9466292135,AGSCC_1,CD4+ T cells,CD4+ T cells
188129.0,35122.3532110092,11226.1490825688,AGSCC_1,regulatory T cells,Regulatory T cells
189507.0,32930.2566371681,11243.3805309735,AGSCC_1,regulatory T cells,Regulatory T cells
189955.0,34136.265060241,12406.8554216867,AGSCC_1,memory CD4+ T cells,Regulatory T cells
192410.0,34207.8366762178,12358.9512893983,AGSCC_1,memory CD8+ T cells,Effector CD8+ T cells
192855.0,33017.4800637959,11580.9234449761,AGSCC_1,stromal cells,Stromal
193425.0,34588.1982378855,12261.2026431718,AGSCC_1,memory CD4+ T cells,Regulatory T cells
193539.0,33758.374025974,11255.5324675325,AGSCC_1,endothelial cells,Endothelial
194732.0,34030.5097560976,11991.2243902439,AGSCC_1,memory CD8+ T cells,Effector CD8+ T cells
195105.0,34191.013986014,11912.986013986,AGSCC_1,memory CD8+ T cells,Effector CD8+ T cells
197025.0,34948.2066869301,12534.6109422492,AGSCC_1,memory CD8+ T cells,Effector CD8+ T cells
199261.0,35489.5364891519,11181.5364891519,AGSCC_1,stromal cells,Stromal
200911.0,34882.5983935743,12365.2570281124,AGSCC_1,memory CD8+ T cells,Effector CD8+ T cells
201167.0,33953.850877193,12244.0438596491,AGSCC_1,memory CD4+ T cells,Regulatory T cells
201619.0,33947.5781637717,11994.2406947891,AGSCC_1,memory CD4+ T cells,Regulatory T cells
201732.0,35582.3781094527,11170.328358209,AGSCC_1,memory CD8+ T cells,Effector CD8+ T cells
202803.0,34205.1359832636,12307.6652719665,AGSCC_1,memory CD8+ T cells,Effector CD8+ T cells
202817.0,35111.7614678899,11188.4128440367,AGSCC_1,endothelial cells,Endothelial
203454.0,34441.6638176638,11952.6780626781,AGSCC_1,regulatory T cells,Regulatory T cells
206012.0,33686.5995145631,12534.6359223301,AGSCC_1,memory CD4+ T cells,Regulatory T cells
206634.0,35372.738170347,11209.5804416404,AGSCC_1,endothelial cells,Endothelial
207393.0,34394.378238342,12216.7564766839,AGSCC_1,memory CD4+ T cells,Regulatory T cells
207612.0,33176.0744466801,11521.1106639839,AGSCC_1,stromal cells,Stromal
207694.0,34418.0324909747,12275.9458483755,AGSCC_1,other APCs,Other APCs
208185.0,33937.1936619718,12524.7816901408,AGSCC_1,memory CD4+ T cells,Regulatory T cells
208975.0,35257.67003367,11191.4646464646,AGSCC_1,endothelial cells,Endothelial
209345.0,34953.0567685589,12461.2554585153,AGSCC_1,memory CD4+ T cells,Regulatory T cells
210575.0,34539.5268817204,11212.1362007168,AGSCC_1,effector CD8+ T cells,Effector CD8+ T cells
212328.0,34595.9756097561,11856.2731707317,AGSCC_1,M1/M0 macrophages,M1/M0 macrophages
212596.0,34833.9517241379,11825.0413793103,AGSCC_1,effector CD8+ T cells,Effector CD8+ T cells
213240.0,33978.7108433735,12009.6777108434,AGSCC_1,memory CD8+ T cells,Effector CD8+ T cells
215064.0,34839.5213414634,12507.743902439,AGSCC_1,NK,NK
215170.0,34256.8474025974,11235.7987012987,AGSCC_1,memory CD8+ T cells,Effector CD8+ T cells
215186.0,33646.9428571429,12557.3591836735,AGSCC_1,stromal cells,Stromal
215452.0,33831.063973064,12046.0101010101,AGSCC_1,memory CD8+ T cells,Effector CD8+ T cells
215528.0,33764.6782178218,12556.2475247525,AGSCC_1,memory CD4+ T cells,Regulatory T cells
217835.0,34959.8719512195,11192.2134146341,AGSCC_1,NK,NK
218355.0,34729.9804878049,12395.7682926829,AGSCC_1,CD4+ T cells,CD4+ T cells
220338.0,33684.7442396313,12336.4400921659,AGSCC_1,memory CD8+ T cells,Effector CD8+ T cells
220495.0,33943.3194444444,12027.3111111111,AGSCC_1,stromal cells,Stromal
221319.0,34157.109375,12311.8,AGSCC_1,memory CD8+ T cells,Effector CD8+ T cells
221612.0,34037.3854166667,12184.8802083333,AGSCC_1,effector CD8+ T cells,Effector CD8+ T cells
223513.0,33824.035335689,11142.0318021201,AGSCC_1,memory CD8+ T cells,Effector CD8+ T cells
226098.0,34001.5390428212,11211.2392947103,AGSCC_1,regulatory T cells,Regulatory T cells
226451.0,34262.8451086957,12331.3206521739,AGSCC_1,memory CD4+ T cells,Regulatory T cells
228769.0,35545.1577181208,12447.4127516779,AGSCC_1,memory CD4+ T cells,Regulatory T cells
228777.0,34097.5847457627,12483.1694915254,AGSCC_1,memory CD4+ T cells,Regulatory T cells
229680.0,35016.0646766169,12388.4726368159,AGSCC_1,stromal cells,Stromal
231036.0,35177.4950495049,12204.0622347949,AGSCC_1,stromal cells,Stromal
231314.0,34617.7846975089,12123.0160142349,AGSCC_1,stromal cells,Stromal
232345.0,33904.9937888199,11253.4782608696,AGSCC_1,M1/M0 macrophages,M1/M0 macrophages
234758.0,33869.3156498674,12212.2122015915,AGSCC_1,endothelial cells,Endothelial
235317.0,33835.1225,12111.5825,AGSCC_1,M2 macrophages,M2 macrophages
235428.0,33642.8630952381,12447.8869047619,AGSCC_1,M2 macrophages,M2 macrophages
235574.0,35198.8299319728,12180.1224489796,AGSCC_1,effector CD8+ T cells,Effector CD8+ T cells
235632.0,34665.8394648829,11191.9498327759,AGSCC_1,M2 macrophages,M2 macrophages
235965.0,34159.2269129288,12482.4168865435,AGSCC_1,memory CD4+ T cells,Regulatory T cells
236173.0,34931.7897503285,12280.7595269382,AGSCC_1,Ki67+ tumor cells,Ki67+ tumor
238773.0,34459.9148418491,12122.2335766423,AGSCC_1,tumor cells,Tumor
239505.0,34322.7141268076,12014.7252502781,AGSCC_1,tumor cells,Tumor
240074.0,34582.0632054176,11827.3273137698,AGSCC_1,Ki67+ tumor cells,Ki67+ tumor
240555.0,33905.6075949367,12460.835443038,AGSCC_1,memory CD4+ T cells,Regulatory T cells
240967.0,33681.6496598639,12401.9455782313,AGSCC_1,memory CD8+ T cells,Effector CD8+ T cells
241517.0,34128.7594936709,12418.0759493671,AGSCC_1,stromal cells,Stromal
242353.0,33541.8393351801,12434.2631578947,AGSCC_1,M2 macrophages,M2 macrophages
243292.0,34015.2389937107,12258.0597484277,AGSCC_1,memory CD4+ T cells,Regulatory T cells
245151.0,33560.6486486486,12364.2162162162,AGSCC_1,stromal cells,Stromal
247065.0,34055.7098591549,12092.0056338028,AGSCC_1,stromal cells,Stromal
247572.0,34873.8552036199,12548.1628959276,AGSCC_1,memory CD4+ T cells,Regulatory T cells
248563.0,33718.1306532663,12483.8291457286,AGSCC_1,memory CD4+ T cells,Regulatory T cells
249029.0,33611.9018867925,12498.2603773585,AGSCC_1,effector CD8+ T cells,Effector CD8+ T cells
249487.0,34577.1292875989,11258.3799472296,AGSCC_1,effector CD8+ T cells,Effector CD8+ T cells
251556.0,34606.5823095823,12259.4815724816,AGSCC_1,memory CD4+ T cells,Regulatory T cells
252531.0,33863.8058690745,12046.5936794582,AGSCC_1,stromal cells,Stromal
253755.0,33970.3127272727,12515.9490909091,AGSCC_1,memory CD4+ T cells,Regulatory T cells
255458.0,34189.1843317972,12327.0506912442,AGSCC_1,regulatory T cells,Regulatory T cells
255902.0,33870.7106741573,12135.2851123596,AGSCC_1,stromal cells,Stromal
256727.0,33975.5079872204,11927.6485623003,AGSCC_1,memory CD8+ T cells,Effector CD8+ T cells
259288.0,34435.6913793103,12456.7672413793,AGSCC_1,M1/M0 macrophages,M1/M0 macrophages
259533.0,33770.273480663,12344.0635359116,AGSCC_1,memory CD4+ T cells,Regulatory T cells
260341.0,33970.8625,12242.3041666667,AGSCC_1,memory CD8+ T cells,Effector CD8+ T cells
261743.0,33592.6683417085,12454.5527638191,AGSCC_1,memory CD8+ T cells,Effector CD8+ T cells
261911.0,34537.0601092896,12271.087431694,AGSCC_1,tumor cells,Tumor
262323.0,33680.223255814,12513.623255814,AGSCC_1,M2 macrophages,M2 macrophages
264131.0,33951.5778443114,12116.7320359281,AGSCC_1,endothelial cells,Endothelial
265480.0,33927.7727272727,11260.7727272727,AGSCC_1,CD4+ T cells,CD4+ T cells
266917.0,34175.0616883117,12142.8668831169,AGSCC_1,M2 macrophages,M2 macrophages
268215.0,33817.1994047619,12385.8244047619,AGSCC_1,dendritic cells,Dendritic cells
268366.0,33935.2521489971,12473.9684813754,AGSCC_1,memory CD4+ T cells,Regulatory T cells
268837.0,33815.1607717042,12539.845659164,AGSCC_1,stromal cells,Stromal
270051.0,34480.7569721116,11226.2848605578,AGSCC_1,endothelial cells,Endothelial
270723.0,33947.8983739837,12412.8577235772,AGSCC_1,stromal cells,Stromal
272087.0,34031.0617283951,11950.7283950617,AGSCC_1,endothelial cells,Endothelial
273259.0,34923.4549138804,12374.4346504559,AGSCC_1,Ki67+ tumor cells,Ki67+ tumor
275796.0,33908.3322422259,12227.178396072,AGSCC_1,M2 macrophages,M2 macrophages
277406.0,34108.7896995708,12467.7639484979,AGSCC_1,memory CD4+ T cells,Regulatory T cells
277471.0,33933.5918367347,12427.7020408163,AGSCC_1,stromal cells,Stromal
277737.0,32911.9044481054,11683.8649093904,AGSCC_1,endothelial cells,Endothelial
278663.0,34845.1967213115,12550.3825136612,AGSCC_1,tumor cells,Tumor
278908.0,34990.4299287411,12393.7600950119,AGSCC_1,Ki67+ tumor cells,Ki67+ tumor
280174.0,35039.6866537718,11164.4700193424,AGSCC_1,endothelial cells,Endothelial
280977.0,34127.244047619,12236.0634920635,AGSCC_1,memory CD4+ T cells,Regulatory T cells
281609.0,33842.9519230769,12282.5641025641,AGSCC_1,endothelial cells,Endothelial
281704.0,34897.7132867133,12394.0909090909,AGSCC_1,effector CD8+ T cells,Effector CD8+ T cells
282271.0,33921.8762886598,12375.4742268041,AGSCC_1,memory CD8+ T cells,Effector CD8+ T cells
285585.0,34236.6262626263,11230.595959596,AGSCC_1,memory CD8+ T cells,Effector CD8+ T cells
286284.0,35087.2769230769,12214.1102564103,AGSCC_1,memory CD8+ T cells,Effector CD8+ T cells
287707.0,34422.1592178771,12511.0893854749,AGSCC_1,tumor cells,Tumor
288801.0,35198.5018050542,11160.4512635379,AGSCC_1,CD4+ T cells,CD4+ T cells
291516.0,33978.9930555556,12139.5520833333,AGSCC_1,memory CD8+ T cells,Effector CD8+ T cells
292667.0,33690.2005141388,12382.6092544987,AGSCC_1,effector CD8+ T cells,Effector CD8+ T cells
292978.0,33237.2714285714,11501.0678571429,AGSCC_1,M2 macrophages,M2 macrophages
293215.0,34507.2266462481,12037.7335375191,AGSCC_1,Ki67+ tumor cells,Ki67+ tumor
294535.0,34615.7625899281,11208.0107913669,AGSCC_1,effector CD8+ T cells,Effector CD8+ T cells
297855.0,33817.6068601583,12072.4459102902,AGSCC_1,memory CD4+ T cells,Regulatory T cells
298456.0,33977.6216216216,12361.8513513514,AGSCC_1,M2 macrophages,M2 macrophages
298841.0,34993.9603524229,11161.9162995595,AGSCC_1,endothelial cells,Endothelial
299079.0,34266.5224274406,12244.4168865435,AGSCC_1,memory CD8+ T cells,Effector CD8+ T cells
299452.0,33930.0087719298,12252.5855263158,AGSCC_1,memory CD8+ T cells,Effector CD8+ T cells
301916.0,34863.4819277108,11217.2771084337,AGSCC_1,memory CD4+ T cells,Regulatory T cells
303462.0,35047.9019607843,12517.9901960784,AGSCC_1,tumor cells,Tumor
304440.0,33995.2119341564,12150.4567901235,AGSCC_1,memory CD8+ T cells,Effector CD8+ T cells
304502.0,33895.6493775934,11956.4917012448,AGSCC_1,M2 macrophages,M2 macrophages
304743.0,34653.7246835443,12299.1487341772,AGSCC_1,memory CD4+ T cells,Regulatory T cells
306949.0,34235.2384259259,12396.4930555556,AGSCC_1,memory CD4+ T cells,Regulatory T cells
307025.0,33876.5432098765,12361.0864197531,AGSCC_1,memory CD8+ T cells,Effector CD8+ T cells
308739.0,33840.2445652174,11122.7572463768,AGSCC_1,stromal cells,Stromal
310114.0,33880.4475138122,12308.0220994475,AGSCC_1,neutrophils,Neutrophils
310228.0,34675.0255474453,12372.602189781,AGSCC_1,M2 macrophages,M2 macrophages
311987.0,33960.8461538462,12449.9515669516,AGSCC_1,memory CD4+ T cells,Regulatory T cells
312621.0,34762.0086705202,11195.4306358382,AGSCC_1,memory CD4+ T cells,Regulatory T cells
313496.0,34802.48046875,12335.7421875,AGSCC_1,CD4+ T cells,CD4+ T cells
315574.0,34811.0620437956,12542.3686131387,AGSCC_1,regulatory T cells,Regulatory T cells
315604.0,33706.5363636364,12373.1181818182,AGSCC_1,memory CD8+ T cells,Effector CD8+ T cells
315666.0,34115.9400428266,12502.5867237687,AGSCC_1,memory CD4+ T cells,Regulatory T cells
315759.0,34081.4793814433,12505.5360824742,AGSCC_1,memory CD4+ T cells,Regulatory T cells
316017.0,34304.2276029056,12388.9104116223,AGSCC_1,memory CD4+ T cells,Regulatory T cells
317143.0,33606.3811659193,12346.5291479821,AGSCC_1,memory CD4+ T cells,Regulatory T cells
317239.0,33878.0996168582,12065.80651341,AGSCC_1,stromal cells,Stromal
319191.0,34392.0145985401,11965.7737226277,AGSCC_1,M2 macrophages,M2 macrophages
322766.0,35103.504587156,11222.5825688073,AGSCC_1,CD4+ T cells,CD4+ T cells
323199.0,34016.4344473008,11973.6555269923,AGSCC_1,endothelial cells,Endothelial
323787.0,34120.55,12310.9866666667,AGSCC_1,memory CD8+ T cells,Effector CD8+ T cells
324097.0,34748.4428571429,12335.5047619048,AGSCC_1,CD4+ T cells,CD4+ T cells
326255.0,34163.467611336,11893.2773279352,AGSCC_1,endothelial cells,Endothelial
326948.0,35082.2373417722,12428.4905063291,AGSCC_1,regulatory T cells,Regulatory T cells
327025.0,35238.4495614035,11147.8399122807,AGSCC_1,CD4+ T cells,CD4+ T cells
328654.0,33923.3625730994,11954.7777777778,AGSCC_1,memory CD4+ T cells,Regulatory T cells
330607.0,34482.3576923077,12187.8769230769,AGSCC_1,memory CD8+ T cells,Effector CD8+ T cells
331534.0,34650.304245283,11180.3160377358,AGSCC_1,stromal cells,Stromal
331707.0,34278.928721174,11837.6477987421,AGSCC_1,endothelial cells,Endothelial
331948.0,33645.7033898305,12538.3411016949,AGSCC_1,memory CD8+ T cells,Effector CD8+ T cells
332528.0,33659.4650205761,12495.4609053498,AGSCC_1,stromal cells,Stromal
333374.0,34420.7760532151,11249.3525498891,AGSCC_1,endothelial cells,Endothelial
334782.0,34665.0072115385,11208.6610576923,AGSCC_1,M2 macrophages,M2 macrophages
334801.0,34035.9585062241,12247.2738589212,AGSCC_1,memory CD8+ T cells,Effector CD8+ T cells
335421.0,33958.7280966767,12538.9063444109,AGSCC_1,M2 macrophages,M2 macrophages
335646.0,34180.6542056075,12459.523364486,AGSCC_1,memory CD4+ T cells,Regulatory T cells
335865.0,34832.9423076923,11208.6057692308,AGSCC_1,stromal cells,Stromal
336253.0,33518.0807453416,12540.8633540373,AGSCC_1,memory CD4+ T cells,Regulatory T cells
338269.0,34607.323699422,11921.161849711,AGSCC_1,memory CD4+ T cells,Regulatory T cells
338575.0,34052.4270462633,11902.1245551601,AGSCC_1,stromal cells,Stromal
338810.0,34055.8655462185,11384.3529411765,AGSCC_1,M1/M0 macrophages,M1/M0 macrophages
340149.0,34499.268907563,12457.324929972,AGSCC_1,NK,NK
340528.0,34247.881533101,11924.5052264808,AGSCC_1,memory CD8+ T cells,Effector CD8+ T cells
340627.0,33362.8254716981,11447.8655660377,AGSCC_1,endothelial cells,Endothelial
344269.0,34613.05,12449.98125,AGSCC_1,M1/M0 macrophages,M1/M0 macrophages
345473.0,33229.3709677419,11521.8346774194,AGSCC_1,endothelial cells,Endothelial
345504.0,35128.4061718098,12244.3135946622,AGSCC_1,stromal cells,Stromal
346236.0,34686.2591093117,12408.9493927126,AGSCC_1,Ki67+ tumor cells,Ki67+ tumor
346617.0,34273.623255814,12520.9813953488,AGSCC_1,tumor cells,Tumor
346935.0,33323.1783783784,11666.3459459459,AGSCC_1,CD4+ T cells,CD4+ T cells
347540.0,34904.7619047619,11199.8095238095,AGSCC_1,memory CD4+ T cells,Regulatory T cells
349854.0,33827.7705479452,11894.2123287671,AGSCC_1,regulatory T cells,Regulatory T cells
350770.0,33898.8792341679,12163.9072164948,AGSCC_1,neutrophils,Neutrophils
351872.0,33992.9346733668,12031.2889447236,AGSCC_1,memory CD8+ T cells,Effector CD8+ T cells
352151.0,34469.6684587814,11241.4032258065,AGSCC_1,endothelial cells,Endothelial
353010.0,34866.1641025641,12273.8153846154,AGSCC_1,tumor cells,Tumor
353232.0,34382.2235294118,11199.1333333333,AGSCC_1,endothelial cells,Endothelial
353516.0,34314.804664723,12261.9037900875,AGSCC_1,tumor cells,Tumor
355610.0,34626.7284263959,12269.5482233503,AGSCC_1,memory CD4+ T cells,Regulatory T cells
355890.0,32971.9891891892,11613.5837837838,AGSCC_1,stromal cells,Stromal
356310.0,34336.3439306358,12239.0404624277,AGSCC_1,memory CD8+ T cells,Effector CD8+ T cells
356839.0,33949.8719008264,11261.3801652893,AGSCC_1,effector CD8+ T cells,Effector CD8+ T cells
357405.0,34311.4243542435,11814.9889298893,AGSCC_1,stromal cells,Stromal
359383.0,34247.8333333333,12497.0203252033,AGSCC_1,memory CD4+ T cells,Regulatory T cells
359876.0,33755.1437699681,12328.9201277955,AGSCC_1,memory CD4+ T cells,Regulatory T cells
361317.0,33806.9609195402,11279.416091954,AGSCC_1,endothelial cells,Endothelial
361343.0,33013.9516908213,11659.4541062802,AGSCC_1,stromal cells,Stromal
362765.0,34043.3064066852,12295.3064066852,AGSCC_1,endothelial cells,Endothelial
363396.0,34762.2117647059,11230.4862745098,AGSCC_1,effector CD8+ T cells,Effector CD8+ T cells
363729.0,35084.11,11195.7666666667,AGSCC_1,endothelial cells,Endothelial
365391.0,34136.7031484258,12282.5652173913,AGSCC_1,endothelial cells,Endothelial
366125.0,33529.0401069519,11065.0855614973,AGSCC_1,CD4+ T cells,CD4+ T cells
367358.0,34262.1235154394,12397.4679334917,AGSCC_1,memory CD4+ T cells,Regulatory T cells
368114.0,33523.3756097561,12524.6390243902,AGSCC_1,memory CD4+ T cells,Regulatory T cells
368237.0,34200.8047337278,12126.8106508876,AGSCC_1,Ki67+ tumor cells,Ki67+ tumor
368356.0,34901.9608208955,12228.6156716418,AGSCC_1,CD4+ T cells,CD4+ T cells
369679.0,35115.8958333333,11207.328125,AGSCC_1,endothelial cells,Endothelial
372124.0,33894.0829268293,12250.5609756098,AGSCC_1,endothelial cells,Endothelial
372553.0,33184.7338129496,11553.5587529976,AGSCC_1,endothelial cells,Endothelial
375285.0,33036.5040214477,11677.7882037534,AGSCC_1,M2 macrophages,M2 macrophages
375934.0,33741.6220238095,12412.3630952381,AGSCC_1,stromal cells,Stromal
377102.0,33869.8404255319,11130.5531914894,AGSCC_1,memory CD4+ T cells,Regulatory T cells
378406.0,33902.5973782772,12202.4962546816,AGSCC_1,endothelial cells,Endothelial
378613.0,33534.5463917526,12542.5463917526,AGSCC_1,memory CD4+ T cells,Regulatory T cells
379925.0,33830.8132992327,12353.1662404092,AGSCC_1,M2 macrophages,M2 macrophages
382349.0,35153.3481481482,11224.3333333333,AGSCC_1,CD4+ T cells,CD4+ T cells
382976.0,32991.0972644377,11592.1276595745,AGSCC_1,endothelial cells,Endothelial
383039.0,35355.1181262729,11221.1527494908,AGSCC_1,CD4+ T cells,CD4+ T cells
383231.0,33833.2,12456.7787234043,AGSCC_1,neutrophils,Neutrophils
385050.0,34918.0296495957,10784.0916442049,AGSCC_1,effector CD8+ T cells,Effector CD8+ T cells
386367.0,33864.28125,11048.265625,AGSCC_1,endothelial cells,Endothelial
387535.0,34932.0230263158,11217.25,AGSCC_1,stromal cells,Stromal
389930.0,34217.5147679325,12235.6835443038,AGSCC_1,memory CD8+ T cells,Effector CD8+ T cells
390643.0,35424.476426799,11162.3200992556,AGSCC_1,stromal cells,Stromal
394404.0,33900.908045977,12336.867816092,AGSCC_1,dendritic cells,Dendritic cells
394511.0,34900.0266222962,12353.0765391015,AGSCC_1,tumor cells,Tumor
394946.0,34198.1909385113,12230.0809061489,AGSCC_1,memory CD8+ T cells,Effector CD8+ T cells
395578.0,33725.0445859873,12500.627388535,AGSCC_1,memory CD4+ T cells,Regulatory T cells
400124.0,33993.8919860627,12489.4111498258,AGSCC_1,memory CD4+ T cells,Regulatory T cells
400269.0,34033.0304347826,12009.8173913043,AGSCC_1,effector CD8+ T cells,Effector CD8+ T cells
400272.0,33625.7029288703,12365.7071129707,AGSCC_1,M2 macrophages,M2 macrophages
400559.0,34010.7959183673,12382.4408163265,AGSCC_1,CD4+ T cells,CD4+ T cells
401903.0,35326.5064377682,11167.5300429185,AGSCC_1,endothelial cells,Endothelial
403389.0,34232.474248927,12118.8927038627,AGSCC_1,tumor cells,Tumor
403919.0,33695.1708860759,12450.5791139241,AGSCC_1,memory CD4+ T cells,Regulatory T cells
405241.0,34143.7571428571,12464.8485714286,AGSCC_1,memory CD4+ T cells,Regulatory T cells
405761.0,34451.2031558185,12403.7475345168,AGSCC_1,CD4+ T cells,CD4+ T cells
405975.0,33934.768907563,11943.0294117647,AGSCC_1,memory CD4+ T cells,Regulatory T cells
406448.0,35026.8659003831,11229.9731800766,AGSCC_1,stromal cells,Stromal
406721.0,33787.0211480363,12332.8549848943,AGSCC_1,memory CD4+ T cells,Regulatory T cells
410002.0,33948.5744047619,12271.2648809524,AGSCC_1,memory CD8+ T cells,Effector CD8+ T cells
411158.0,33049.880239521,11578.0319361277,AGSCC_1,CD4+ T cells,CD4+ T cells
411544.0,33941.2639593909,11238.2131979695,AGSCC_1,CD4+ T cells,CD4+ T cells
411668.0,33834.0965346535,12551.4925742574,AGSCC_1,regulatory T cells,Regulatory T cells
414568.0,33639.8260869565,12398.5043478261,AGSCC_1,memory CD4+ T cells,Regulatory T cells
414574.0,34304.8397435897,11943.2115384615,AGSCC_1,M2 macrophages,M2 macrophages
414867.0,33995.8115079365,12059.5555555556,AGSCC_1,stromal cells,Stromal
415320.0,34337.3742331288,11186.509202454,AGSCC_1,effector CD8+ T cells,Effector CD8+ T cells
418220.0,33829.9264069264,12212.4588744589,AGSCC_1,endothelial cells,Endothelial
418653.0,35464.474609375,11214.154296875,AGSCC_1,endothelial cells,Endothelial
420818.0,35448.8639705882,11164.0919117647,AGSCC_1,memory CD4+ T cells,Regulatory T cells
421374.0,34710.7692307692,11214.9370629371,AGSCC_1,CD4+ T cells,CD4+ T cells
421658.0,33772.8850931677,11209.8819875776,AGSCC_1,regulatory T cells,Regulatory T cells
426700.0,34579.2377777778,11185.2177777778,AGSCC_1,M2 macrophages,M2 macrophages
428344.0,34399.964556962,12337.9189873418,AGSCC_1,memory CD4+ T cells,Regulatory T cells
428582.0,33755.0163934426,12442.0032786885,AGSCC_1,regulatory T cells,Regulatory T cells
429722.0,34473.0396825397,12240.4047619048,AGSCC_1,memory CD8+ T cells,Effector CD8+ T cells
430238.0,35282.9966942149,12134.2198347107,AGSCC_1,M2 macrophages,M2 macrophages
434150.0,33911.3010948905,12101.2518248175,AGSCC_1,endothelial cells,Endothelial
434175.0,34390.8971962617,12398.507788162,AGSCC_1,CD4+ T cells,CD4+ T cells
434380.0,35027.6435897436,11144.6051282051,AGSCC_1,other APCs,Other APCs
435074.0,34238.8283261803,11884.008583691,AGSCC_1,endothelial cells,Endothelial
435569.0,35155.4254278729,11157.4156479218,AGSCC_1,endothelial cells,Endothelial
437356.0,34017.6303724928,12493.8223495702,AGSCC_1,memory CD4+ T cells,Regulatory T cells
438551.0,34110.8259259259,11236.3481481481,AGSCC_1,CD4+ T cells,CD4+ T cells
438729.0,33923.951417004,12535.975708502,AGSCC_1,memory CD4+ T cells,Regulatory T cells
438807.0,34613.0874524715,11190.2490494297,AGSCC_1,M2 macrophages,M2 macrophages
439698.0,34238.8577680525,12371.5295404814,AGSCC_1,memory CD4+ T cells,Regulatory T cells
439859.0,34258.5181598063,11213.8450363196,AGSCC_1,effector CD8+ T cells,Effector CD8+ T cells
439976.0,34377.6339066339,12454.1769041769,AGSCC_1,effector CD8+ T cells,Effector CD8+ T cells
440875.0,33994.9441176471,12265.2205882353,AGSCC_1,memory CD4+ T cells,Regulatory T cells
441056.0,33397.3911764706,11347.4264705882,AGSCC_1,CD4+ T cells,CD4+ T cells
441465.0,34847.9266666667,11218.4066666667,AGSCC_1,memory CD4+ T cells,Regulatory T cells
441809.0,33825.2247706422,12260.3348623853,AGSCC_1,endothelial cells,Endothelial
444561.0,34923.1428571429,11160.3510204082,AGSCC_1,effector CD8+ T cells,Effector CD8+ T cells
446593.0,33519.7818181818,12486.9696969697,AGSCC_1,M2 macrophages,M2 macrophages
447474.0,33383.2141453831,11402.3064833006,AGSCC_1,endothelial cells,Endothelial
447989.0,35286.0354609929,11159.4645390071,AGSCC_1,endothelial cells,Endothelial
448904.0,33612.966507177,12554.3444976077,AGSCC_1,memory CD8+ T cells,Effector CD8+ T cells
449643.0,34124.2390158172,11972.8927943761,AGSCC_1,CD4+ T cells,CD4+ T cells
450722.0,33950.5614035088,11928.1789473684,AGSCC_1,memory CD8+ T cells,Effector CD8+ T cells
453147.0,33848.0460829493,12381.6129032258,AGSCC_1,regulatory T cells,Regulatory T cells
453634.0,32936.2845601436,11663.8761220826,AGSCC_1,endothelial cells,Endothelial
454860.0,33985.8495297806,11906.3855799373,AGSCC_1,memory CD8+ T cells,Effector CD8+ T cells
455397.0,32999.984984985,11641.2312312312,AGSCC_1,CD4+ T cells,CD4+ T cells
456488.0,34531.1833740831,12078.3667481663,AGSCC_1,tumor cells,Tumor
456863.0,33513.9233449477,12458.1533101045,AGSCC_1,memory CD4+ T cells,Regulatory T cells
457080.0,34858.8446601942,11178.0841423948,AGSCC_1,memory CD8+ T cells,Effector CD8+ T cells
457282.0,34559.7323529412,11980.1264705882,AGSCC_1,memory CD4+ T cells,Regulatory T cells
458433.0,33916.9961832061,12442.1030534351,AGSCC_1,stromal cells,Stromal
459661.0,34158.8055555556,11942.3796296296,AGSCC_1,M1/M0 macrophages,M1/M0 macrophages
459758.0,34078.4081081081,11914.2567567568,AGSCC_1,memory CD8+ T cells,Effector CD8+ T cells
460718.0,34743.5068181818,12106.3136363636,AGSCC_1,stromal cells,Stromal
460724.0,35029.0684454756,12295.8236658933,AGSCC_1,Unknown,Other
461330.0,34532.9251968504,11904.3779527559,AGSCC_1,Ki67+ tumor cells,Ki67+ tumor
462258.0,34295.6388140162,12329.7142857143,AGSCC_1,memory CD4+ T cells,Regulatory T cells
463428.0,33581.5462392109,12485.2589395808,AGSCC_1,stromal cells,Stromal
463708.0,34915.1986062718,11225.2578397213,AGSCC_1,CD4+ T cells,CD4+ T cells
466533.0,34070.9444444444,11372.7083333333,AGSCC_1,M1/M0 macrophages,M1/M0 macrophages
466920.0,34673.6739679865,12272.7101937658,AGSCC_1,CD4+ T cells,CD4+ T cells
467652.0,34125.5763888889,11854.7875,AGSCC_1,stromal cells,Stromal
467728.0,34866.1578947368,11234.8421052632,AGSCC_1,CD4+ T cells,CD4+ T cells
468294.0,34719.1103379722,12077.0427435388,AGSCC_1,Ki67+ tumor cells,Ki67+ tumor
468354.0,33792.2543859649,12429.8450292398,AGSCC_1,NK,NK
468632.0,33887.1436170213,11130.2925531915,AGSCC_1,memory CD4+ T cells,Regulatory T cells
468929.0,33980.4736,12337.4224,AGSCC_1,memory CD8+ T cells,Effector CD8+ T cells
469400.0,34247.0883116883,12171.8311688312,AGSCC_1,memory CD8+ T cells,Effector CD8+ T cells
469762.0,35613.46799117,11182.4944812362,AGSCC_1,M1/M0 macrophages,M1/M0 macrophages
470705.0,34211.2936802974,11892.2063197026,AGSCC_1,stromal cells,Stromal
471979.0,34433.6150943396,12180.2528301887,AGSCC_1,memory CD8+ T cells,Effector CD8+ T cells
473233.0,33528.3913043478,12343.0217391304,AGSCC_1,memory CD4+ T cells,Regulatory T cells
475037.0,35253.6476190476,11221.5738095238,AGSCC_1,effector CD8+ T cells,Effector CD8+ T cells
475982.0,34040.1467181467,12420.0308880309,AGSCC_1,memory CD8+ T cells,Effector CD8+ T cells
479545.0,34037.9525222552,12223.5667655786,AGSCC_1,memory CD4+ T cells,Regulatory T cells
479872.0,33870.2960992908,11933.3085106383,AGSCC_1,memory CD8+ T cells,Effector CD8+ T cells
481077.0,33932.7105263158,12408.2210526316,AGSCC_1,stromal cells,Stromal
481299.0,33716.3010380623,12360.2629757785,AGSCC_1,M1/M0 macrophages,M1/M0 macrophages
482488.0,34792.5222672065,12407.7854251012,AGSCC_1,tumor cells,Tumor
483583.0,34037.2857142857,12096.519047619,AGSCC_1,stromal cells,Stromal
483879.0,34373.0289855072,10872.2391304348,AGSCC_1,M1/M0 macrophages,M1/M0 macrophages
485737.0,34691.607003891,11222.4824902724,AGSCC_1,CD4+ T cells,CD4+ T cells
490223.0,34166.7873563218,12453.6264367816,AGSCC_1,memory CD4+ T cells,Regulatory T cells
490464.0,35281.3560606061,11218.3333333333,AGSCC_1,effector CD8+ T cells,Effector CD8+ T cells
490791.0,34362.3511450382,11868.7290076336,AGSCC_1,memory CD4+ T cells,Regulatory T cells
491664.0,34655.6748466258,12363.5030674847,AGSCC_1,tumor cells,Tumor
492952.0,34363.32,12429.992,AGSCC_1,memory CD4+ T cells,Regulatory T cells
493724.0,33786.3555555556,12446.0345679012,AGSCC_1,NK,NK
493805.0,34049.525987526,12154.5821205821,AGSCC_1,stromal cells,Stromal
494079.0,33861.3640552995,12450.797235023,AGSCC_1,memory CD4+ T cells,Regulatory T cells
495840.0,32890.0271398747,11535.6492693111,AGSCC_1,stromal cells,Stromal
497946.0,34785.5868725869,11203.2664092664,AGSCC_1,neutrophils,Neutrophils
498183.0,35396.5663716814,12198.8672566372,AGSCC_1,M2 macrophages,M2 macrophages
498241.0,34170.9949494949,12329.4267676768,AGSCC_1,memory CD4+ T cells,Regulatory T cells
498306.0,34791.9917355372,12561.4214876033,AGSCC_1,tumor cells,Tumor
498388.0,34409.01171875,12427.109375,AGSCC_1,effector CD8+ T cells,Effector CD8+ T cells
498447.0,34019.980952381,11906.2857142857,AGSCC_1,regulatory T cells,Regulatory T cells
498597.0,34337.1720779221,12296.7305194805,AGSCC_1,other APCs,Other APCs
499300.0,33590.0558375635,12345.1421319797,AGSCC_1,stromal cells,Stromal
499719.0,34140.6654545455,11908.6254545455,AGSCC_1,memory CD4+ T cells,Regulatory T cells
500179.0,34814.8383233533,11193.9880239521,AGSCC_1,stromal cells,Stromal
500426.0,34117.1100917431,11892.6483180428,AGSCC_1,memory CD8+ T cells,Effector CD8+ T cells
501060.0,34165.96875,12410.2366071429,AGSCC_1,endothelial cells,Endothelial
502654.0,34293.0862068966,12023.5038314176,AGSCC_1,tumor cells,Tumor
503698.0,34962.523364486,12483.7056074766,AGSCC_1,memory CD4+ T cells,Regulatory T cells
505371.0,33788.2771084337,12537.5863453815,AGSCC_1,M2 macrophages,M2 macrophages
505390.0,33870.7659574468,12425.7367021277,AGSCC_1,stromal cells,Stromal
505727.0,35088.8620689655,11144.4031830239,AGSCC_1,M1/M0 macrophages,M1/M0 macrophages
505797.0,33871.0196078431,12540.2287581699,AGSCC_1,memory CD4+ T cells,Regulatory T cells
506108.0,33638.3298969072,12505.2860824742,AGSCC_1,memory CD8+ T cells,Effector CD8+ T cells
507727.0,33931.311546841,12324.7189542484,AGSCC_1,Unknown,Other
509167.0,34214.1295546559,12496.2591093117,AGSCC_1,memory CD4+ T cells,Regulatory T cells
509302.0,34353.6346153846,12346.2615384615,AGSCC_1,tumor cells,Tumor
509748.0,34929.252688172,12151.9677419355,AGSCC_1,CD4+ T cells,CD4+ T cells
509785.0,34432.2329317269,11222.1044176707,AGSCC_1,CD4+ T cells,CD4+ T cells
510117.0,34373.5945945946,12381.7815315315,AGSCC_1,CD4+ T cells,CD4+ T cells
510229.0,33830.375,12320.8564814815,AGSCC_1,memory CD4+ T cells,Regulatory T cells
513022.0,33897.5811518325,11927.0104712042,AGSCC_1,memory CD8+ T cells,Effector CD8+ T cells
513346.0,34723.9389002037,12519.9938900204,AGSCC_1,Ki67+ tumor cells,Ki67+ tumor
513961.0,33651.7837209302,12344.7279069767,AGSCC_1,memory CD8+ T cells,Effector CD8+ T cells
514302.0,33862.6536312849,12166.7653631285,AGSCC_1,neutrophils,Neutrophils
515095.0,34121.7442528736,12389.7155172414,AGSCC_1,endothelial cells,Endothelial
515131.0,34987.2457757296,11180.3671274962,AGSCC_1,endothelial cells,Endothelial
517834.0,33807.5704347826,12186.12,AGSCC_1,endothelial cells,Endothelial
517960.0,33515.474393531,12368.2938005391,AGSCC_1,endothelial cells,Endothelial
518015.0,34908.5017502917,12415.6896149358,AGSCC_1,Ki67+ tumor cells,Ki67+ tumor
518855.0,34422.9411764706,12435.1882352941,AGSCC_1,CD4+ T cells,CD4+ T cells
520060.0,34054.6604244694,12327.0624219725,AGSCC_1,endothelial cells,Endothelial
525393.0,34049.2781065089,12392.4023668639,AGSCC_1,memory CD8+ T cells,Effector CD8+ T cells
526965.0,34126.9067524116,12449.6430868167,AGSCC_1,memory CD4+ T cells,Regulatory T cells
527724.0,33998.0461095101,11993.2363112392,AGSCC_1,CD4+ T cells,CD4+ T cells
527833.0,34983.4438202247,12237.393258427,AGSCC_1,tumor cells,Tumor
529131.0,33965.9593495935,12194.7865853659,AGSCC_1,endothelial cells,Endothelial
529333.0,35635.3960784314,11221.4078431373,AGSCC_1,effector CD8+ T cells,Effector CD8+ T cells
534922.0,33796.8193146417,12347.1931464174,AGSCC_1,memory CD8+ T cells,Effector CD8+ T cells
535145.0,34624.8089171974,12298.0318471338,AGSCC_1,tumor cells,Tumor
535807.0,33819.4208333333,12433.6041666667,AGSCC_1,memory CD4+ T cells,Regulatory T cells
538658.0,35422.9289099526,11216.4004739336,AGSCC_1,endothelial cells,Endothelial
540229.0,34098.1523178808,11899.4271523179,AGSCC_1,memory CD8+ T cells,Effector CD8+ T cells
540277.0,34704.2123893805,12099.4194690265,AGSCC_1,stromal cells,Stromal
540667.0,34256.7904761905,12151.4666666667,AGSCC_1,memory CD8+ T cells,Effector CD8+ T cells
541523.0,34090.6522633745,11941.2057613169,AGSCC_1,endothelial cells,Endothelial
542308.0,33070.5503144654,11610.4150943396,AGSCC_1,endothelial cells,Endothelial
543807.0,34036.2263157895,12451.4315789474,AGSCC_1,endothelial cells,Endothelial
544227.0,34299.5793357934,11989.1328413284,AGSCC_1,memory CD4+ T cells,Regulatory T cells
544923.0,33983.846975089,12454.7615658363,AGSCC_1,M2 macrophages,M2 macrophages
545862.0,34495.0628742515,12545.3203592814,AGSCC_1,memory CD4+ T cells,Regulatory T cells
546376.0,35056.2090592334,12279.5383275261,AGSCC_1,M2 macrophages,M2 macrophages
546497.0,33780.1916167665,12473.0538922156,AGSCC_1,stromal cells,Stromal
549076.0,34672.9133064516,12509.939516129,AGSCC_1,regulatory T cells,Regulatory T cells
549538.0,34301.9459459459,12434.1081081081,AGSCC_1,CD4+ T cells,CD4+ T cells
549813.0,34580.0450819672,11203.7766393443,AGSCC_1,M2 macrophages,M2 macrophages
549980.0,34052.0704225352,12455.3802816901,AGSCC_1,memory CD4+ T cells,Regulatory T cells
550391.0,35034.2536687631,12536.5094339623,AGSCC_1,M2 macrophages,M2 macrophages
554532.0,34829.6277056277,11185.7835497835,AGSCC_1,CD4+ T cells,CD4+ T cells
554757.0,34801.4350649351,11190.0844155844,AGSCC_1,memory CD4+ T cells,Regulatory T cells
554887.0,33897.1791666667,11034.9666666667,AGSCC_1,CD4+ T cells,CD4+ T cells
555288.0,34254.4055555556,11907.1694444444,AGSCC_1,endothelial cells,Endothelial
555754.0,33937.9346938775,12060.9755102041,AGSCC_1,stromal cells,Stromal
556842.0,35130.0109090909,12127.7236363636,AGSCC_1,memory CD4+ T cells,Regulatory T cells
557656.0,34320.0438596491,11208.6315789474,AGSCC_1,regulatory T cells,Regulatory T cells
560297.0,33903.257918552,12434.2850678733,AGSCC_1,stromal cells,Stromal
561216.0,33575.3354037267,12380.4254658385,AGSCC_1,memory CD4+ T cells,Regulatory T cells
561539.0,34226.2464589235,11927.0254957507,AGSCC_1,memory CD8+ T cells,Effector CD8+ T cells
562424.0,34097.0522648084,12277.9825783972,AGSCC_1,endothelial cells,Endothelial
562612.0,35115.6919831224,12112.3713080169,AGSCC_1,memory CD4+ T cells,Regulatory T cells
562664.0,33730.062992126,12376.5144356955,AGSCC_1,memory CD8+ T cells,Effector CD8+ T cells
563581.0,34203.7664233577,12327.7153284672,AGSCC_1,regulatory T cells,Regulatory T cells
563937.0,33858.758186398,12337.2670025189,AGSCC_1,regulatory T cells,Regulatory T cells
564328.0,34878.9606299213,12285.5472440945,AGSCC_1,Ki67+ tumor cells,Ki67+ tumor
566478.0,33886.7602339181,12383.3801169591,AGSCC_1,memory CD8+ T cells,Effector CD8+ T cells
566596.0,34329.602739726,12495.7465753425,AGSCC_1,tumor cells,Tumor
566822.0,34978.3333333333,11220.8211382114,AGSCC_1,neutrophils,Neutrophils
567072.0,34397.1510611735,12002.2496878901,AGSCC_1,CD4+ T cells,CD4+ T cells
568189.0,33885.6925795053,12486.8091872792,AGSCC_1,memory CD4+ T cells,Regulatory T cells
568266.0,34306.6733333333,11215.5,AGSCC_1,memory CD4+ T cells,Regulatory T cells
570936.0,34001.3684210526,12448.2993421053,AGSCC_1,CD4+ T cells,CD4+ T cells
572628.0,34331.9787234043,11971.0815602837,AGSCC_1,CD4+ T cells,CD4+ T cells
572722.0,33897.7071129707,11269.7364016736,AGSCC_1,effector CD8+ T cells,Effector CD8+ T cells
573046.0,34112.706185567,12403.881443299,AGSCC_1,memory CD8+ T cells,Effector CD8+ T cells
574003.0,34300.392971246,12132.8482428115,AGSCC_1,memory CD8+ T cells,Effector CD8+ T cells
574145.0,34381.18,12255.1066666667,AGSCC_1,endothelial cells,Endothelial
574371.0,33674.8825396825,12452.4507936508,AGSCC_1,M2 macrophages,M2 macrophages
576311.0,34480.9806451613,11195.4602150538,AGSCC_1,CD4+ T cells,CD4+ T cells
576666.0,32890.9668674699,11638.3253012048,AGSCC_1,endothelial cells,Endothelial
577266.0,33815.8579088472,12472.4316353887,AGSCC_1,memory CD4+ T cells,Regulatory T cells
577577.0,32962.1937716263,11575.9584775087,AGSCC_1,CD4+ T cells,CD4+ T cells
578425.0,33795.775862069,12525.4827586207,AGSCC_1,memory CD4+ T cells,Regulatory T cells
578838.0,33506.4125230203,12431.6335174954,AGSCC_1,M2 macrophages,M2 macrophages
580492.0,33766.0222222222,12475.36,AGSCC_1,stromal cells,Stromal
581026.0,34276.619047619,12311.4476190476,AGSCC_1,memory CD4+ T cells,Regulatory T cells
581348.0,33944.1830508475,12370.4169491525,AGSCC_1,other APCs,Other APCs
581849.0,34452.2961460446,12518.2494929006,AGSCC_1,memory CD8+ T cells,Effector CD8+ T cells
581856.0,34524.0310421286,11998.7361419069,AGSCC_1,CD4+ T cells,CD4+ T cells
586215.0,33584.611814346,12391.4683544304,AGSCC_1,memory CD4+ T cells,Regulatory T cells
586473.0,34352.2722513089,12230.0890052356,AGSCC_1,regulatory T cells,Regulatory T cells
586526.0,34001.702247191,12503.2247191011,AGSCC_1,memory CD4+ T cells,Regulatory T cells
587475.0,33565.015037594,12459.298245614,AGSCC_1,M1/M0 macrophages,M1/M0 macrophages
588614.0,33549.8699186992,12548.5691056911,AGSCC_1,memory CD8+ T cells,Effector CD8+ T cells
592168.0,34499.6789587852,12476.114967462,AGSCC_1,stromal cells,Stromal
592771.0,35303.329004329,11370.2251082251,AGSCC_1,effector CD8+ T cells,Effector CD8+ T cells
594827.0,34278.0735294118,11210.6801470588,AGSCC_1,effector CD8+ T cells,Effector CD8+ T cells
595327.0,34005.979338843,12042.0743801653,AGSCC_1,M1/M0 macrophages,M1/M0 macrophages
595423.0,34246.7857142857,12318.7142857143,AGSCC_1,dendritic cells,Dendritic cells
595986.0,34212.292834891,11944.7352024922,AGSCC_1,M1/M0 macrophages,M1/M0 macrophages
596127.0,34489.2996742671,12245.7328990228,AGSCC_1,memory CD8+ T cells,Effector CD8+ T cells
596983.0,33910.4165457184,11982.4615384615,AGSCC_1,memory CD8+ T cells,Effector CD8+ T cells
597331.0,34151.1631799163,12230.2970711297,AGSCC_1,memory CD4+ T cells,Regulatory T cells
597700.0,34026.6020408163,12388.8843537415,AGSCC_1,CD4+ T cells,CD4+ T cells
597763.0,34108.0878552972,12350.9121447028,AGSCC_1,endothelial cells,Endothelial
598340.0,34448.0275229358,11916.7339449541,AGSCC_1,CD4+ T cells,CD4+ T cells
599835.0,33704.4370709382,12511.0091533181,AGSCC_1,M2 macrophages,M2 macrophages
600034.0,33867.2649842271,11262.6845425868,AGSCC_1,CD4+ T cells,CD4+ T cells
600450.0,34335.3595505618,12262.3820224719,AGSCC_1,tumor cells,Tumor
601910.0,33959.2105263158,12078.8404605263,AGSCC_1,memory CD8+ T cells,Effector CD8+ T cells
602430.0,34269.4634146341,12142.756097561,AGSCC_1,memory CD8+ T cells,Effector CD8+ T cells
604488.0,35417.3439153439,11187.0264550265,AGSCC_1,endothelial cells,Endothelial
606217.0,34144.5799180328,12366.5922131148,AGSCC_1,endothelial cells,Endothelial
606543.0,33967.8926380368,12025.2484662577,AGSCC_1,memory CD8+ T cells,Effector CD8+ T cells
607638.0,34939.7285714286,12511.1857142857,AGSCC_1,memory CD4+ T cells,Regulatory T cells
608116.0,33402.1787709497,11415.8491620112,AGSCC_1,endothelial cells,Endothelial
608245.0,34417.164,12481.246,AGSCC_1,Ki67+ tumor cells,Ki67+ tumor
608336.0,34592.0391566265,12239.4036144578,AGSCC_1,Ki67+ tumor cells,Ki67+ tumor
608488.0,34039.9676375405,11354.8770226537,AGSCC_1,M1/M0 macrophages,M1/M0 macrophages
609775.0,34392.7153284672,11210.5364963504,AGSCC_1,endothelial cells,Endothelial
610199.0,34318.1230769231,12466.2338461538,AGSCC_1,regulatory T cells,Regulatory T cells
612825.0,34508.736497545,11826.4860883797,AGSCC_1,Ki67+ tumor cells,Ki67+ tumor
614360.0,34742.6860465116,12527.3023255814,AGSCC_1,Ki67+ tumor cells,Ki67+ tumor
614913.0,33724.7673267327,12470.6881188119,AGSCC_1,memory CD4+ T cells,Regulatory T cells
615389.0,34363.6517857143,12269.0491071429,AGSCC_1,other APCs,Other APCs
615880.0,34345.2849462366,11218.5967741935,AGSCC_1,memory CD8+ T cells,Effector CD8+ T cells
616858.0,32990.4181184669,11674.7003484321,AGSCC_1,stromal cells,Stromal
619467.0,33921.8456790123,11034.1234567901,AGSCC_1,CD4+ T cells,CD4+ T cells
619836.0,34215.6527196653,12338.3472803347,AGSCC_1,M2 macrophages,M2 macrophages
622187.0,34336.5983412322,11936.1220379147,AGSCC_1,Ki67+ tumor cells,Ki67+ tumor
623088.0,34243.9269230769,11256.2384615385,AGSCC_1,stromal cells,Stromal
623391.0,33809.8081081081,11894.0675675676,AGSCC_1,stromal cells,Stromal
623990.0,34973.3216783217,11203.5314685315,AGSCC_1,NK,NK
625420.0,33936.2435424354,12491.1992619926,AGSCC_1,memory CD8+ T cells,Effector CD8+ T cells
627810.0,34861.5172413793,12328.9827586207,AGSCC_1,memory CD8+ T cells,Effector CD8+ T cells
628588.0,32929.0377358491,11626.8037735849,AGSCC_1,endothelial cells,Endothelial
629551.0,33776.3424657534,12365.3321917808,AGSCC_1,dendritic cells,Dendritic cells
629760.0,34846.7469135802,11193.762345679,AGSCC_1,memory CD8+ T cells,Effector CD8+ T cells
630945.0,34897.4409937888,11238.9565217391,AGSCC_1,CD4+ T cells,CD4+ T cells
632903.0,34154.4396984925,11872.9472361809,AGSCC_1,endothelial cells,Endothelial
633080.0,34159.4575,12294.005,AGSCC_1,endothelial cells,Endothelial
634349.0,34232.6014851485,12331.4876237624,AGSCC_1,M1/M0 macrophages,M1/M0 macrophages
635529.0,33558.2965116279,12340.9302325581,AGSCC_1,memory CD4+ T cells,Regulatory T cells
636229.0,33828.2601626016,12405.2764227642,AGSCC_1,stromal cells,Stromal
636551.0,34491.3037974684,12221.8670886076,AGSCC_1,dendritic cells,Dendritic cells
636753.0,33879.0110497238,11056.8674033149,AGSCC_1,endothelial cells,Endothelial
638208.0,34468.0158478605,12454.6450079239,AGSCC_1,NK,NK
638284.0,33347.6365979381,11675.6984536082,AGSCC_1,M1/M0 macrophages,M1/M0 macrophages
638801.0,35568.4486692015,11179.0760456274,AGSCC_1,stromal cells,Stromal
640797.0,33918.057591623,11075.0785340314,AGSCC_1,M1/M0 macrophages,M1/M0 macrophages
642118.0,33360.2816901408,11428.1807511737,AGSCC_1,stromal cells,Stromal
644570.0,35013.3003533569,11197.5371024735,AGSCC_1,effector CD8+ T cells,Effector CD8+ T cells
646710.0,33905.8997867804,12496.7057569296,AGSCC_1,memory CD8+ T cells,Effector CD8+ T cells
647402.0,35558.0,11194.5820512821,AGSCC_1,endothelial cells,Endothelial
647556.0,33962.0745341615,11061.850931677,AGSCC_1,endothelial cells,Endothelial
647675.0,33754.3320895522,11052.8544776119,AGSCC_1,memory CD4+ T cells,Regulatory T cells
649059.0,32973.6163793103,11677.7112068966,AGSCC_1,stromal cells,Stromal
649852.0,34723.6242774566,11185.6416184971,AGSCC_1,other APCs,Other APCs
649882.0,34212.4226190476,11918.7857142857,AGSCC_1,memory CD8+ T cells,Effector CD8+ T cells
650466.0,34218.3727506427,12451.9922879177,AGSCC_1,endothelial cells,Endothelial
651324.0,34456.0798319328,12223.256302521,AGSCC_1,memory CD4+ T cells,Regulatory T cells
653114.0,35214.6266318538,11221.8250652742,AGSCC_1,effector CD8+ T cells,Effector CD8+ T cells
653517.0,34366.7430555556,12223.3958333333,AGSCC_1,other APCs,Other APCs
653730.0,35091.0873015873,11168.9603174603,AGSCC_1,endothelial cells,Endothelial
653778.0,34545.3450134771,12033.0377358491,AGSCC_1,tumor cells,Tumor
654060.0,33845.5850144092,11873.8703170029,AGSCC_1,memory CD4+ T cells,Regulatory T cells
654431.0,34563.7018348624,11219.6880733945,AGSCC_1,effector CD8+ T cells,Effector CD8+ T cells
656141.0,33905.7791798107,12037.356466877,AGSCC_1,M2 macrophages,M2 macrophages
657853.0,34289.8763636364,11263.3309090909,AGSCC_1,effector CD8+ T cells,Effector CD8+ T cells
661220.0,33851.790625,12187.415625,AGSCC_1,stromal cells,Stromal
663462.0,34702.3862068966,12533.8965517241,AGSCC_1,M2 macrophages,M2 macrophages
667021.0,35587.5483234714,11247.201183432,AGSCC_1,endothelial cells,Endothelial
668040.0,34363.8747553816,12247.9412915851,AGSCC_1,dendritic cells,Dendritic cells
668923.0,34293.987206823,12160.1961620469,AGSCC_1,effector CD8+ T cells,Effector CD8+ T cells
669486.0,34010.8136645963,11891.8167701863,AGSCC_1,dendritic cells,Dendritic cells
670495.0,35458.108,11174.444,AGSCC_1,endothelial cells,Endothelial
670966.0,33984.8252148997,11971.8137535817,AGSCC_1,endothelial cells,Endothelial
671557.0,34245.3212121212,12286.8606060606,AGSCC_1,memory CD4+ T cells,Regulatory T cells
671674.0,33742.7523364486,12430.9299065421,AGSCC_1,memory CD4+ T cells,Regulatory T cells
672147.0,33691.86,12354.7325,AGSCC_1,memory CD8+ T cells,Effector CD8+ T cells
672470.0,34297.0,12358.831797235,AGSCC_1,memory CD4+ T cells,Regulatory T cells
673045.0,34083.2275574113,12248.1294363257,AGSCC_1,regulatory T cells,Regulatory T cells
673081.0,34319.9322916667,12541.4270833333,AGSCC_1,CD4+ T cells,CD4+ T cells
673454.0,34354.9340659341,11191.8406593407,AGSCC_1,effector CD8+ T cells,Effector CD8+ T cells
674551.0,33000.974789916,11618.6806722689,AGSCC_1,memory CD4+ T cells,Regulatory T cells
674961.0,34278.9102844639,12266.2035010941,AGSCC_1,other APCs,Other APCs
675664.0,34278.6199095023,11226.0135746606,AGSCC_1,effector CD8+ T cells,Effector CD8+ T cells
675974.0,34236.8125,11273.3392857143,AGSCC_1,M2 macrophages,M2 macrophages
678834.0,33660.8537170264,11033.520383693,AGSCC_1,M1/M0 macrophages,M1/M0 macrophages
678963.0,34592.4015659955,12016.6968680089,AGSCC_1,Ki67+ tumor cells,Ki67+ tumor
680412.0,34267.8414096916,12483.8193832599,AGSCC_1,stromal cells,Stromal
680508.0,34153.9864864865,11914.6114864865,AGSCC_1,dendritic cells,Dendritic cells
682214.0,34716.2748091603,12412.9522900763,AGSCC_1,CD4+ T cells,CD4+ T cells
685289.0,32972.7,11561.2526315789,AGSCC_1,stromal cells,Stromal
687934.0,33865.228125,11094.13125,AGSCC_1,M1/M0 macrophages,M1/M0 macrophages
691267.0,34873.9322709163,12252.4671314741,AGSCC_1,Ki67+ tumor cells,Ki67+ tumor
691281.0,34268.9875930521,11964.9330024814,AGSCC_1,CD4+ T cells,CD4+ T cells
691740.0,33566.2470588235,12548.1411764706,AGSCC_1,dendritic cells,Dendritic cells
691943.0,34600.8708133971,11986.0765550239,AGSCC_1,M2 macrophages,M2 macrophages
692012.0,34100.1092436975,11920.5350140056,AGSCC_1,memory CD8+ T cells,Effector CD8+ T cells
694005.0,34256.3007334963,12469.6039119804,AGSCC_1,M2 macrophages,M2 macrophages
694205.0,33862.201754386,12547.3771929825,AGSCC_1,memory CD4+ T cells,Regulatory T cells
694539.0,34336.8529411765,12218.5196078431,AGSCC_1,memory CD8+ T cells,Effector CD8+ T cells
695863.0,33899.6676470588,12267.3029411765,AGSCC_1,stromal cells,Stromal
695969.0,34096.6584699454,11868.6366120219,AGSCC_1,stromal cells,Stromal
696788.0,33862.2522727273,11901.4113636364,AGSCC_1,stromal cells,Stromal
697480.0,34879.2623762376,11171.0693069307,AGSCC_1,stromal cells,Stromal
699516.0,33854.0608108108,12315.4391891892,AGSCC_1,regulatory T cells,Regulatory T cells
700985.0,33915.75,12287.3481595092,AGSCC_1,endothelial cells,Endothelial
701227.0,33915.1641791045,12310.2139303483,AGSCC_1,endothelial cells,Endothelial
701925.0,34017.0,12096.9082568807,AGSCC_1,memory CD4+ T cells,Regulatory T cells
702115.0,34456.2668539326,12286.3033707865,AGSCC_1,memory CD8+ T cells,Effector CD8+ T cells
704443.0,35072.3259259259,12523.7333333333,AGSCC_1,stromal cells,Stromal
704899.0,34237.1885245902,11863.3442622951,AGSCC_1,stromal cells,Stromal
705061.0,34326.0953545232,12367.3643031785,AGSCC_1,CD4+ T cells,CD4+ T cells
705477.0,33204.4366197183,11537.7464788732,AGSCC_1,stromal cells,Stromal
706653.0,34314.4183673469,12223.1785714286,AGSCC_1,dendritic cells,Dendritic cells
707869.0,35463.9963768116,11233.8188405797,AGSCC_1,endothelial cells,Endothelial
708581.0,34236.8938053097,11218.3451327434,AGSCC_1,effector CD8+ T cells,Effector CD8+ T cells
709236.0,33539.2877697842,12473.1462829736,AGSCC_1,memory CD4+ T cells,Regulatory T cells
710001.0,34261.1784776903,11863.6719160105,AGSCC_1,stromal cells,Stromal
710036.0,34436.0866666667,12250.71,AGSCC_1,dendritic cells,Dendritic cells
710120.0,33791.7085714286,12471.6228571429,AGSCC_1,memory CD4+ T cells,Regulatory T cells
711106.0,34062.9069767442,12488.7829457364,AGSCC_1,memory CD4+ T cells,Regulatory T cells
711761.0,34394.8738738739,12423.0900900901,AGSCC_1,M1/M0 macrophages,M1/M0 macrophages
712148.0,34934.0,11193.3958333333,AGSCC_1,endothelial cells,Endothelial
712516.0,34078.7891566265,11890.1204819277,AGSCC_1,memory CD4+ T cells,Regulatory T cells
713120.0,33885.2424242424,12506.8712121212,AGSCC_1,memory CD8+ T cells,Effector CD8+ T cells
714718.0,34872.4307692308,11182.2692307692,AGSCC_1,memory CD8+ T cells,Effector CD8+ T cells
715997.0,34963.2385786802,11170.9746192893,AGSCC_1,endothelial cells,Endothelial
716724.0,34981.6,12139.1081081081,AGSCC_1,effector CD8+ T cells,Effector CD8+ T cells
717726.0,32926.3156146179,11562.780730897,AGSCC_1,stromal cells,Stromal
718980.0,34325.7432950192,12210.754789272,AGSCC_1,other APCs,Other APCs
719842.0,33767.447761194,12379.2925373134,AGSCC_1,dendritic cells,Dendritic cells
719946.0,34038.6193181818,12070.1647727273,AGSCC_1,endothelial cells,Endothelial
722205.0,33512.1694915254,12520.1694915254,AGSCC_1,memory CD4+ T cells,Regulatory T cells
724015.0,33416.0201005025,11347.6331658291,AGSCC_1,M1/M0 macrophages,M1/M0 macrophages
725122.0,33053.0451807229,11681.3614457831,AGSCC_1,regulatory T cells,Regulatory T cells
725813.0,33532.0486111111,12558.7083333333,AGSCC_1,memory CD8+ T cells,Effector CD8+ T cells
726041.0,34042.1879432624,12371.8404255319,AGSCC_1,M2 macrophages,M2 macrophages
728827.0,33915.3581395349,12335.8511627907,AGSCC_1,memory CD4+ T cells,Regulatory T cells
729188.0,33883.303030303,11041.6121212121,AGSCC_1,endothelial cells,Endothelial
730459.0,34879.7849056604,12384.9886792453,AGSCC_1,memory CD8+ T cells,Effector CD8+ T cells
730738.0,33738.8357664234,12329.6532846715,AGSCC_1,stromal cells,Stromal
730839.0,35226.9813519814,11169.2284382284,AGSCC_1,endothelial cells,Endothelial
731020.0,34203.9343065693,11863.4744525547,AGSCC_1,endothelial cells,Endothelial
731630.0,33880.5882352941,11113.6435986159,AGSCC_1,memory CD4+ T cells,Regulatory T cells
732374.0,33816.5836734694,12420.4081632653,AGSCC_1,memory CD4+ T cells,Regulatory T cells
732448.0,33723.728,11263.448,AGSCC_1,effector CD8+ T cells,Effector CD8+ T cells
732693.0,33888.0363636364,12343.3757575758,AGSCC_1,memory CD4+ T cells,Regulatory T cells
733990.0,34180.1467889908,12478.8027522936,AGSCC_1,memory CD4+ T cells,Regulatory T cells
734909.0,33021.7675675676,11670.1027027027,AGSCC_1,stromal cells,Stromal
735023.0,34266.8044692737,11136.5530726257,AGSCC_1,CD4+ T cells,CD4+ T cells
735172.0,33813.7288135593,12294.1762711864,AGSCC_1,endothelial cells,Endothelial
737360.0,33872.9860724234,12236.5069637883,AGSCC_1,endothelial cells,Endothelial
741440.0,34271.2140221402,12178.0295202952,AGSCC_1,memory CD8+ T cells,Effector CD8+ T cells
741752.0,33869.1194029851,12253.0373134328,AGSCC_1,endothelial cells,Endothelial
744763.0,34840.071339174,12482.4831038798,AGSCC_1,tumor cells,Tumor
744963.0,33999.0388601036,12228.5466321244,AGSCC_1,memory CD4+ T cells,Regulatory T cells
745686.0,34121.4332552693,12369.3536299766,AGSCC_1,endothelial cells,Endothelial
746031.0,33123.34375,11634.9119897959,AGSCC_1,M1/M0 macrophages,M1/M0 macrophages
746301.0,33819.034428795,11074.3004694836,AGSCC_1,effector CD8+ T cells,Effector CD8+ T cells
748691.0,33759.9226519337,12510.5690607735,AGSCC_1,stromal cells,Stromal
749633.0,34002.6132352941,12111.4176470588,AGSCC_1,endothelial cells,Endothelial
749727.0,34072.5796847636,12387.0928196147,AGSCC_1,memory CD8+ T cells,Effector CD8+ T cells
749951.0,34202.8983957219,12473.5668449198,AGSCC_1,memory CD4+ T cells,Regulatory T cells
752594.0,34349.0406504065,12218.6178861789,AGSCC_1,memory CD8+ T cells,Effector CD8+ T cells
758935.0,34622.5681818182,11920.8712121212,AGSCC_1,memory CD4+ T cells,Regulatory T cells
760347.0,34940.4605678233,12553.810725552,AGSCC_1,memory CD4+ T cells,Regulatory T cells
760354.0,34278.3429951691,12228.1594202899,AGSCC_1,endothelial cells,Endothelial
760849.0,33531.2145922747,12454.982832618,AGSCC_1,memory CD4+ T cells,Regulatory T cells
762957.0,33916.6614173228,11045.8897637795,AGSCC_1,stromal cells,Stromal
763942.0,33742.9579288026,12486.2071197411,AGSCC_1,memory CD4+ T cells,Regulatory T cells
764089.0,34230.7540603248,12298.0069605568,AGSCC_1,memory CD8+ T cells,Effector CD8+ T cells
767431.0,33879.1661016949,12263.1288135593,AGSCC_1,endothelial cells,Endothelial
768422.0,33709.6821705426,12390.8062015504,AGSCC_1,effector CD8+ T cells,Effector CD8+ T cells
769365.0,33877.6558139535,11998.4093023256,AGSCC_1,endothelial cells,Endothelial
771575.0,34034.7450331126,11369.7947019868,AGSCC_1,CD4+ T cells,CD4+ T cells
771668.0,34390.3661417323,12182.4960629921,AGSCC_1,stromal cells,Stromal
771775.0,34144.6130434783,12202.4108695652,AGSCC_1,memory CD8+ T cells,Effector CD8+ T cells
772018.0,34629.9452054795,11245.602739726,AGSCC_1,memory CD8+ T cells,Effector CD8+ T cells
773720.0,34100.0684931507,11264.1952054795,AGSCC_1,endothelial cells,Endothelial
775095.0,34418.5659229209,12058.8965517241,AGSCC_1,CD4+ T cells,CD4+ T cells
778339.0,33937.4824120603,11032.91959799,AGSCC_1,M1/M0 macrophages,M1/M0 macrophages
778417.0,33916.6596153846,11922.6442307692,AGSCC_1,stromal cells,Stromal
778900.0,34297.7341269841,11872.5793650794,AGSCC_1,CD4+ T cells,CD4+ T cells
781010.0,35151.6208791209,11459.7252747253,AGSCC_1,M2 macrophages,M2 macrophages
781106.0,34212.7084468665,12270.0272479564,AGSCC_1,endothelial cells,Endothelial
781381.0,34623.4777777778,12024.2777777778,AGSCC_1,Ki67+ tumor cells,Ki67+ tumor
783408.0,34323.2596153846,11243.3525641026,AGSCC_1,stromal cells,Stromal
785037.0,35490.81875,11211.9625,AGSCC_1,endothelial cells,Endothelial
789728.0,33188.7943925234,11570.2359813084,AGSCC_1,endothelial cells,Endothelial
790663.0,33833.6980392157,11158.1450980392,AGSCC_1,CD4+ T cells,CD4+ T cells
792272.0,33577.978021978,12330.021978022,AGSCC_1,stromal cells,Stromal
793556.0,34205.3333333333,12521.2735042735,AGSCC_1,memory CD8+ T cells,Effector CD8+ T cells
795072.0,33661.7557755776,12377.699669967,AGSCC_1,M2 macrophages,M2 macrophages
796703.0,34598.9740566038,11234.4858490566,AGSCC_1,memory CD8+ T cells,Effector CD8+ T cells
796951.0,34114.9314079422,11246.5920577617,AGSCC_1,endothelial cells,Endothelial
797282.0,35133.27,11205.76,AGSCC_1,endothelial cells,Endothelial
798137.0,34698.7076923077,12553.3461538462,AGSCC_1,tumor cells,Tumor
798207.0,34113.7764084507,12211.5580985915,AGSCC_1,memory CD8+ T cells,Effector CD8+ T cells
798482.0,33849.4810996564,12552.704467354,AGSCC_1,M1/M0 macrophages,M1/M0 macrophages
798609.0,34101.516605166,12414.9815498155,AGSCC_1,memory CD8+ T cells,Effector CD8+ T cells
800280.0,33945.1590909091,12383.0170454545,AGSCC_1,M2 macrophages,M2 macrophages
800693.0,33606.1311881188,12392.2747524752,AGSCC_1,M2 macrophages,M2 macrophages
802812.0,34362.9447236181,12194.1055276382,AGSCC_1,other APCs,Other APCs
803855.0,32941.6831683168,11601.2800565771,AGSCC_1,endothelial cells,Endothelial
804973.0,32982.9917012448,11650.0539419087,AGSCC_1,endothelial cells,Endothelial
805426.0,34282.4273127753,11875.5110132159,AGSCC_1,stromal cells,Stromal
806658.0,34258.4493927126,12183.8704453441,AGSCC_1,memory CD4+ T cells,Regulatory T cells
808566.0,33849.4259818731,12432.003021148,AGSCC_1,memory CD4+ T cells,Regulatory T cells
808814.0,34269.6538461538,11198.4679487179,AGSCC_1,stromal cells,Stromal
812041.0,33995.45625,12418.95625,AGSCC_1,M2 macrophages,M2 macrophages
813254.0,34535.836,12500.028,AGSCC_1,stromal cells,Stromal
813998.0,34078.1842105263,11264.548245614,AGSCC_1,endothelial cells,Endothelial
816330.0,34559.237704918,12455.9508196721,AGSCC_1,tumor cells,Tumor
817425.0,33810.0966386555,12316.1176470588,AGSCC_1,neutrophils,Neutrophils
819210.0,34443.59375,12293.3660714286,AGSCC_1,memory CD8+ T cells,Effector CD8+ T cells
819903.0,34405.0785562633,11976.9108280255,AGSCC_1,memory CD4+ T cells,Regulatory T cells
821419.0,34304.0693069307,11234.8663366337,AGSCC_1,stromal cells,Stromal
823176.0,34173.9166666667,12490.5625,AGSCC_1,memory CD4+ T cells,Regulatory T cells
824147.0,33985.9421487603,12249.6983471074,AGSCC_1,memory CD8+ T cells,Effector CD8+ T cells
826807.0,33885.2554744526,11074.2408759124,AGSCC_1,neutrophils,Neutrophils
827474.0,33075.332594235,11666.7361419069,AGSCC_1,M2 macrophages,M2 macrophages
827830.0,33996.4921465969,11940.9358638743,AGSCC_1,memory CD8+ T cells,Effector CD8+ T cells
830860.0,34334.3142076503,12329.6803278689,AGSCC_1,memory CD4+ T cells,Regulatory T cells
832104.0,33945.9780033841,12180.6260575296,AGSCC_1,endothelial cells,Endothelial
836071.0,34661.1726190476,12521.4761904762,AGSCC_1,tumor cells,Tumor
836896.0,33970.3638888889,12273.5611111111,AGSCC_1,effector CD8+ T cells,Effector CD8+ T cells
838574.0,34052.6860841424,12270.6148867314,AGSCC_1,dendritic cells,Dendritic cells
838827.0,33867.128,12269.808,AGSCC_1,endothelial cells,Endothelial
844901.0,34383.8212560386,12226.4637681159,AGSCC_1,dendritic cells,Dendritic cells
849512.0,33796.0846774194,12397.7661290323,AGSCC_1,stromal cells,Stromal
851534.0,34222.4713216958,11844.7955112219,AGSCC_1,stromal cells,Stromal
851736.0,34223.4201680672,11264.7478991597,AGSCC_1,M2 macrophages,M2 macrophages
852073.0,34629.6151419558,11230.8769716088,AGSCC_1,memory CD8+ T cells,Effector CD8+ T cells
852849.0,34281.2531120332,12407.0995850622,AGSCC_1,other APCs,Other APCs
852964.0,34296.2355212355,12450.2934362934,AGSCC_1,stromal cells,Stromal
853447.0,34300.2452380952,12228.0404761905,AGSCC_1,endothelial cells,Endothelial
853946.0,33829.6766917293,11879.037593985,AGSCC_1,regulatory T cells,Regulatory T cells
855038.0,33934.4848484848,12390.6545454545,AGSCC_1,effector CD8+ T cells,Effector CD8+ T cells
855180.0,34064.962962963,12501.5978835979,AGSCC_1,regulatory T cells,Regulatory T cells
856772.0,34480.0,12257.1726190476,AGSCC_1,dendritic cells,Dendritic cells
857626.0,33541.2604651163,12335.7023255814,AGSCC_1,memory CD4+ T cells,Regulatory T cells
858187.0,34269.5,12195.7051282051,AGSCC_1,memory CD8+ T cells,Effector CD8+ T cells
862504.0,33828.7171717172,12302.2727272727,AGSCC_1,M2 macrophages,M2 macrophages
863959.0,33859.7226890756,12002.8403361345,AGSCC_1,endothelial cells,Endothelial
864723.0,33826.0721153846,11982.1923076923,AGSCC_1,memory CD8+ T cells,Effector CD8+ T cells
865081.0,34359.6739811912,12333.8432601881,AGSCC_1,memory CD4+ T cells,Regulatory T cells
865659.0,34012.3904109589,12001.3219178082,AGSCC_1,effector CD8+ T cells,Effector CD8+ T cells
866787.0,33969.8391959799,12054.3567839196,AGSCC_1,stromal cells,Stromal
869014.0,34168.4424131627,12205.3290676417,AGSCC_1,M1/M0 macrophages,M1/M0 macrophages
870084.0,33991.9256756757,11247.0067567568,AGSCC_1,stromal cells,Stromal
870694.0,33643.5660377359,12433.5235849057,AGSCC_1,CD4+ T cells,CD4+ T cells
872015.0,34225.9428571429,12514.4952380952,AGSCC_1,tumor cells,Tumor
874829.0,32979.2831858407,11693.6991150442,AGSCC_1,M2 macrophages,M2 macrophages
875020.0,34133.9493670886,12259.4092827004,AGSCC_1,other APCs,Other APCs
875466.0,35248.2572463768,11170.6195652174,AGSCC_1,endothelial cells,Endothelial
877923.0,35007.3442028986,12224.3623188406,AGSCC_1,regulatory T cells,Regulatory T cells
878184.0,33738.3918918919,12475.9324324324,AGSCC_1,neutrophils,Neutrophils
878185.0,32913.1955128205,11639.2596153846,AGSCC_1,endothelial cells,Endothelial
878310.0,34397.3928571429,12252.9196428571,AGSCC_1,M2 macrophages,M2 macrophages
879203.0,33842.5418181818,12230.8072727273,AGSCC_1,memory CD4+ T cells,Regulatory T cells
879483.0,33860.4295774648,11121.7323943662,AGSCC_1,memory CD4+ T cells,Regulatory T cells
884569.0,33915.0554272517,12001.0115473441,AGSCC_1,memory CD8+ T cells,Effector CD8+ T cells
888223.0,34853.1133004926,12386.9753694581,AGSCC_1,effector CD8+ T cells,Effector CD8+ T cells
888520.0,33808.1722488038,12555.1100478469,AGSCC_1,memory CD4+ T cells,Regulatory T cells
889931.0,34905.7687687688,12524.1171171171,AGSCC_1,stromal cells,Stromal
890752.0,34900.2819767442,11177.5174418605,AGSCC_1,other APCs,Other APCs
891759.0,34520.875,12503.3208333333,AGSCC_1,stromal cells,Stromal
893348.0,33805.0634920635,12332.5634920635,AGSCC_1,memory CD8+ T cells,Effector CD8+ T cells
894825.0,33908.732,12079.856,AGSCC_1,NK,NK
895364.0,34854.0366774542,12307.2664509169,AGSCC_1,Ki67+ tumor cells,Ki67+ tumor
896402.0,35628.0168539326,11196.5140449438,AGSCC_1,dendritic cells,Dendritic cells
896570.0,33939.476744186,12288.0255813953,AGSCC_1,endothelial cells,Endothelial
898642.0,33910.7513812155,12362.0110497238,AGSCC_1,memory CD8+ T cells,Effector CD8+ T cells
900015.0,34512.2831050228,12488.3105022831,AGSCC_1,stromal cells,Stromal
900051.0,33987.1870503597,12378.618705036,AGSCC_1,CD4+ T cells,CD4+ T cells
900059.0,34476.4229934924,12293.6659436009,AGSCC_1,memory CD8+ T cells,Effector CD8+ T cells
901869.0,34245.9175946548,11982.6770601336,AGSCC_1,CD4+ T cells,CD4+ T cells
902922.0,33686.3084745763,12478.8576271186,AGSCC_1,stromal cells,Stromal
904712.0,33960.4384236453,12349.9458128079,AGSCC_1,effector CD8+ T cells,Effector CD8+ T cells
906764.0,35395.0184331797,11194.4608294931,AGSCC_1,stromal cells,Stromal
906827.0,33600.5714285714,12521.4598214286,AGSCC_1,M2 macrophages,M2 macrophages
906828.0,33961.0669371197,11966.2089249493,AGSCC_1,stromal cells,Stromal
907360.0,33545.5714285714,12558.5892857143,AGSCC_1,memory CD8+ T cells,Effector CD8+ T cells
907427.0,34041.4893048128,11927.5401069519,AGSCC_1,stromal cells,Stromal
907658.0,33897.5725388601,12410.4922279793,AGSCC_1,stromal cells,Stromal
910827.0,35343.1221122112,11193.0198019802,AGSCC_1,endothelial cells,Endothelial
911476.0,33849.3701923077,11799.8461538462,AGSCC_1,effector CD8+ T cells,Effector CD8+ T cells
911689.0,34229.0958083832,11978.1766467066,AGSCC_1,tumor cells,Tumor
912274.0,33947.0092165899,12313.0230414747,AGSCC_1,endothelial cells,Endothelial
914712.0,33858.5904255319,12512.6382978723,AGSCC_1,M2 macrophages,M2 macrophages
916100.0,34402.8855932203,12226.6779661017,AGSCC_1,memory CD8+ T cells,Effector CD8+ T cells
917662.0,34056.4817518248,11366.0729927007,AGSCC_1,M1/M0 macrophages,M1/M0 macrophages
918154.0,34904.0789473684,12558.1578947368,AGSCC_1,stromal cells,Stromal
918726.0,33819.9662576687,11959.6503067485,AGSCC_1,M2 macrophages,M2 macrophages
919282.0,34891.4436619718,12562.8661971831,AGSCC_1,stromal cells,Stromal
923971.0,34334.1717171717,11229.2255892256,AGSCC_1,effector CD8+ T cells,Effector CD8+ T cells
924163.0,33939.4579646018,11970.2300884956,AGSCC_1,memory CD8+ T cells,Effector CD8+ T cells
924229.0,34122.3071895425,12341.9150326797,AGSCC_1,endothelial cells,Endothelial
924278.0,34077.936416185,11876.161849711,AGSCC_1,stromal cells,Stromal
924906.0,34047.2636363636,12010.8954545455,AGSCC_1,M1/M0 macrophages,M1/M0 macrophages
925354.0,32985.3659217877,11564.2849162011,AGSCC_1,endothelial cells,Endothelial
928169.0,34230.0948616601,12350.0553359684,AGSCC_1,dendritic cells,Dendritic cells
929174.0,34911.5593952484,12491.4838012959,AGSCC_1,M1/M0 macrophages,M1/M0 macrophages
929718.0,34535.5813953488,11179.4069767442,AGSCC_1,CD4+ T cells,CD4+ T cells
929785.0,34254.1861386139,12272.403960396,AGSCC_1,stromal cells,Stromal
930504.0,34327.3035714286,11832.8482142857,AGSCC_1,endothelial cells,Endothelial
932594.0,34805.8387096774,11216.3594470046,AGSCC_1,dendritic cells,Dendritic cells
935448.0,33958.3402061856,12335.6494845361,AGSCC_1,memory CD8+ T cells,Effector CD8+ T cells
939623.0,34198.0931372549,12151.0310457516,AGSCC_1,endothelial cells,Endothelial
940156.0,33552.822815534,12389.8859223301,AGSCC_1,stromal cells,Stromal
940780.0,35092.9511400651,11208.7328990228,AGSCC_1,endothelial cells,Endothelial
941785.0,33081.8677248677,11686.2169312169,AGSCC_1,M2 macrophages,M2 macrophages
942687.0,34553.7790697674,11912.7848837209,AGSCC_1,tumor cells,Tumor
942703.0,32967.1572327044,11549.0880503145,AGSCC_1,tumor cells,Tumor
944283.0,34358.925,12167.3166666667,AGSCC_1,tumor cells,Tumor
944324.0,34198.0363636364,11271.8727272727,AGSCC_1,memory CD4+ T cells,Regulatory T cells
944472.0,33667.2663551402,12363.3644859813,AGSCC_1,memory CD8+ T cells,Effector CD8+ T cells
945030.0,34814.4294478528,11207.3190184049,AGSCC_1,neutrophils,Neutrophils
946781.0,33041.2419659735,11649.0926275992,AGSCC_1,endothelial cells,Endothelial
948173.0,33614.0793650794,12405.4973544974,AGSCC_1,neutrophils,Neutrophils
948438.0,34715.2015503876,11240.4651162791,AGSCC_1,effector CD8+ T cells,Effector CD8+ T cells
950369.0,34207.8755186722,11849.6058091286,AGSCC_1,stromal cells,Stromal
950722.0,33847.8044444444,12138.2,AGSCC_1,M2 macrophages,M2 macrophages
952228.0,34961.137254902,12400.681372549,AGSCC_1,M2 macrophages,M2 macrophages
953123.0,34352.4871794872,12284.0448717949,AGSCC_1,endothelial cells,Endothelial
954240.0,34455.4834254144,11173.6436464088,AGSCC_1,M1/M0 macrophages,M1/M0 macrophages
954379.0,35063.4369369369,11218.6621621622,AGSCC_1,M2 macrophages,M2 macrophages
954616.0,33915.0681818182,12469.4715909091,AGSCC_1,stromal cells,Stromal
955040.0,34242.0927152318,12150.2450331126,AGSCC_1,memory CD8+ T cells,Effector CD8+ T cells
956137.0,33833.7755102041,11963.2040816327,AGSCC_1,effector CD8+ T cells,Effector CD8+ T cells
958624.0,35293.7262773723,11147.5109489051,AGSCC_1,dendritic cells,Dendritic cells
958949.0,33739.6091954023,12360.5900383142,AGSCC_1,effector CD8+ T cells,Effector CD8+ T cells
962361.0,34227.8020477816,12204.2662116041,AGSCC_1,memory CD8+ T cells,Effector CD8+ T cells
964460.0,33892.8378378378,11051.2612612613,AGSCC_1,endothelial cells,Endothelial
965879.0,34000.6909090909,12136.1818181818,AGSCC_1,memory CD8+ T cells,Effector CD8+ T cells
966164.0,34543.546728972,12006.0934579439,AGSCC_1,stromal cells,Stromal
967556.0,34704.6629834254,11192.3425414365,AGSCC_1,dendritic cells,Dendritic cells
968630.0,33730.0243902439,12436.9512195122,AGSCC_1,memory CD4+ T cells,Regulatory T cells
969588.0,34365.7171717172,11246.4444444444,AGSCC_1,endothelial cells,Endothelial
970161.0,33887.5230769231,12296.5076923077,AGSCC_1,endothelial cells,Endothelial
973568.0,34252.0941176471,12218.6941176471,AGSCC_1,memory CD8+ T cells,Effector CD8+ T cells
975279.0,35320.3717277487,11147.5104712042,AGSCC_1,stromal cells,Stromal
975322.0,33810.766798419,12524.1146245059,AGSCC_1,memory CD4+ T cells,Regulatory T cells
976066.0,34551.4761904762,11188.9365079365,AGSCC_1,CD4+ T cells,CD4+ T cells
977076.0,34091.3645833333,11245.3385416667,AGSCC_1,effector CD8+ T cells,Effector CD8+ T cells
977085.0,34295.0564102564,12308.6051282051,AGSCC_1,memory CD4+ T cells,Regulatory T cells
977314.0,34994.3452380952,12513.3928571429,AGSCC_1,M2 macrophages,M2 macrophages
977491.0,32900.293814433,11625.1237113402,AGSCC_1,endothelial cells,Endothelial
979879.0,34062.3372093023,12343.9360465116,AGSCC_1,stromal cells,Stromal
980802.0,33973.4245283019,11945.9150943396,AGSCC_1,endothelial cells,Endothelial
981860.0,34535.8825396825,11871.9111111111,AGSCC_1,CD4+ T cells,CD4+ T cells
982608.0,33021.2959641256,11691.0358744395,AGSCC_1,stromal cells,Stromal
982781.0,34036.1319148936,12436.1872340426,AGSCC_1,stromal cells,Stromal
983045.0,34274.1932773109,12474.5042016807,AGSCC_1,M2 macrophages,M2 macrophages
986026.0,34003.3571428571,11374.1925465839,AGSCC_1,M1/M0 macrophages,M1/M0 macrophages
987589.0,34007.9732620321,12338.6684491979,AGSCC_1,effector CD8+ T cells,Effector CD8+ T cells
987597.0,34762.52,12418.36,AGSCC_1,tumor cells,Tumor
988276.0,33950.2678571429,12232.9910714286,AGSCC_1,memory CD8+ T cells,Effector CD8+ T cells
988359.0,33798.5882352941,12365.3970588235,AGSCC_1,effector CD8+ T cells,Effector CD8+ T cells
988437.0,33913.7371794872,12025.1794871795,AGSCC_1,M2 macrophages,M2 macrophages
989221.0,33392.9925925926,11434.5185185185,AGSCC_1,endothelial cells,Endothelial
989505.0,33994.2555910543,12353.4888178914,AGSCC_1,effector CD8+ T cells,Effector CD8+ T cells
990065.0,34566.7765363128,12265.3184357542,AGSCC_1,M1/M0 macrophages,M1/M0 macrophages
992505.0,33809.421686747,12492.0963855422,AGSCC_1,stromal cells,Stromal
993130.0,34300.9668246446,12247.345971564,AGSCC_1,endothelial cells,Endothelial
993192.0,34484.6279069767,11979.4941860465,AGSCC_1,CD4+ T cells,CD4+ T cells
993422.0,34866.0751879699,11206.0751879699,AGSCC_1,M2 macrophages,M2 macrophages
994793.0,34889.093306288,12206.6592292089,AGSCC_1,CD4+ T cells,CD4+ T cells
994854.0,34225.0485436893,12251.3349514563,AGSCC_1,endothelial cells,Endothelial
995251.0,34346.5302013423,12258.4362416107,AGSCC_1,stromal cells,Stromal
995389.0,33334.6071428571,11449.032967033,AGSCC_1,effector CD8+ T cells,Effector CD8+ T cells
995535.0,33925.3793103448,12518.7586206897,AGSCC_1,CD4+ T cells,CD4+ T cells
995627.0,33654.5487179487,12326.358974359,AGSCC_1,memory CD8+ T cells,Effector CD8+ T cells
996233.0,33860.1875,12092.921875,AGSCC_1,memory CD8+ T cells,Effector CD8+ T cells
996418.0,34059.0847457627,12436.2101694915,AGSCC_1,stromal cells,Stromal
997742.0,33714.5684931507,12465.102739726,AGSCC_1,memory CD4+ T cells,Regulatory T cells
997996.0,34027.6458333333,12076.03125,AGSCC_1,endothelial cells,Endothelial
999824.0,34386.4276315789,12199.2697368421,AGSCC_1,memory CD4+ T cells,Regulatory T cells
1000300.0,34341.6547619048,12279.8452380952,AGSCC_1,endothelial cells,Endothelial
1001588.0,34019.3466666667,12067.9266666667,AGSCC_1,endothelial cells,Endothelial
1001731.0,34873.3010752688,12478.9641577061,AGSCC_1,Ki67+ tumor cells,Ki67+ tumor
1003288.0,34440.5928571429,12232.7071428571,AGSCC_1,dendritic cells,Dendritic cells
1004169.0,33818.0520833333,11096.6041666667,AGSCC_1,CD4+ T cells,CD4+ T cells
1004249.0,33976.362745098,11258.4705882353,AGSCC_1,effector CD8+ T cells,Effector CD8+ T cells
1004368.0,35145.7744360902,11172.962406015,AGSCC_1,endothelial cells,Endothelial
1005961.0,34091.7333333333,12387.6,AGSCC_1,memory CD4+ T cells,Regulatory T cells
1009089.0,34593.7441860465,11844.976744186,AGSCC_1,tumor cells,Tumor
1009569.0,33981.7118644068,12074.3796610169,AGSCC_1,stromal cells,Stromal
1010457.0,34575.4017094017,12040.7094017094,AGSCC_1,tumor cells,Tumor
1014038.0,33805.4893617021,12375.6382978723,AGSCC_1,dendritic cells,Dendritic cells
1014106.0,34292.5512820513,12485.1153846154,AGSCC_1,memory CD4+ T cells,Regulatory T cells
1015256.0,34061.2424242424,12463.1878787879,AGSCC_1,memory CD4+ T cells,Regulatory T cells
1016397.0,33915.2524590164,12405.5573770492,AGSCC_1,M2 macrophages,M2 macrophages
1017376.0,33903.8897058823,11058.7647058824,AGSCC_1,stromal cells,Stromal
1018437.0,34235.6404494382,12192.297752809,AGSCC_1,memory CD8+ T cells,Effector CD8+ T cells
1018890.0,34827.2628865979,12370.5773195876,AGSCC_1,CD4+ T cells,CD4+ T cells
1020406.0,34010.5618556701,12287.5103092784,AGSCC_1,endothelial cells,Endothelial
1021793.0,33924.506097561,12459.7073170732,AGSCC_1,stromal cells,Stromal
1022430.0,33675.3974358974,12495.6282051282,AGSCC_1,M2 macrophages,M2 macrophages
1024052.0,34001.0060606061,11883.0424242424,AGSCC_1,dendritic cells,Dendritic cells
1024055.0,34504.0503144654,11209.4402515723,AGSCC_1,stromal cells,Stromal
1025327.0,34934.0330578512,12522.1239669421,AGSCC_1,memory CD8+ T cells,Effector CD8+ T cells
1025442.0,34233.0405405405,12171.3243243243,AGSCC_1,memory CD8+ T cells,Effector CD8+ T cells
1025803.0,33894.8350515464,11064.3505154639,AGSCC_1,endothelial cells,Endothelial
1026038.0,32999.0321100917,11662.9678899083,AGSCC_1,effector CD8+ T cells,Effector CD8+ T cells
1026416.0,34488.2081447964,12158.3529411765,AGSCC_1,Ki67+ tumor cells,Ki67+ tumor
1028042.0,33033.4545454545,11631.7727272727,AGSCC_1,endothelial cells,Endothelial
1028670.0,33672.3169398907,12484.7431693989,AGSCC_1,stromal cells,Stromal
1030154.0,34245.6645962733,12203.4968944099,AGSCC_1,memory CD8+ T cells,Effector CD8+ T cells
1030501.0,34337.4612068966,12507.1336206897,AGSCC_1,memory CD4+ T cells,Regulatory T cells
1031632.0,33900.45,12361.175,AGSCC_1,CD4+ T cells,CD4+ T cells
1033554.0,33825.9523809524,12234.3911564626,AGSCC_1,M1/M0 macrophages,M1/M0 macrophages
1035380.0,33980.8363636364,12185.1090909091,AGSCC_1,CD4+ T cells,CD4+ T cells
1035701.0,34106.4739583333,12245.6510416667,AGSCC_1,memory CD8+ T cells,Effector CD8+ T cells
1035759.0,34072.8453608247,11944.7731958763,AGSCC_1,endothelial cells,Endothelial
